ax(g)__sum_values,ax(g)__median,ax(g)__mean,ax(g)__length,ax(g)__standard_deviation,ax(g)__variance,ax(g)__root_mean_square,ax(g)__maximum,ax(g)__absolute_maximum,ax(g)__minimum,ay(g)__sum_values,ay(g)__median,ay(g)__mean,ay(g)__length,ay(g)__standard_deviation,ay(g)__variance,ay(g)__root_mean_square,ay(g)__maximum,ay(g)__absolute_maximum,ay(g)__minimum,az(g)__sum_values,az(g)__median,az(g)__mean,az(g)__length,az(g)__standard_deviation,az(g)__variance,az(g)__root_mean_square,az(g)__maximum,az(g)__absolute_maximum,az(g)__minimum,wx(deg/s)__sum_values,wx(deg/s)__median,wx(deg/s)__mean,wx(deg/s)__length,wx(deg/s)__standard_deviation,wx(deg/s)__variance,wx(deg/s)__root_mean_square,wx(deg/s)__maximum,wx(deg/s)__absolute_maximum,wx(deg/s)__minimum,wy(deg/s)__sum_values,wy(deg/s)__median,wy(deg/s)__mean,wy(deg/s)__length,wy(deg/s)__standard_deviation,wy(deg/s)__variance,wy(deg/s)__root_mean_square,wy(deg/s)__maximum,wy(deg/s)__absolute_maximum,wy(deg/s)__minimum,wz(deg/s)__sum_values,wz(deg/s)__median,wz(deg/s)__mean,wz(deg/s)__length,wz(deg/s)__standard_deviation,wz(deg/s)__variance,wz(deg/s)__root_mean_square,wz(deg/s)__maximum,wz(deg/s)__absolute_maximum,wz(deg/s)__minimum
63.1495,0.041,0.04510678571428572,1400.0,0.021024483101098283,0.0004420288896683673,0.049765962335142855,0.1328,0.1328,-0.0151,1379.9807,0.9858,0.9857005000000001,1400.0,0.03486015869206154,0.001215230664035714,0.986316737343682,1.1548,1.1548,0.8413,-175.11919999999998,-0.1211,-0.12508514285714284,1400.0,0.029938788874390127,0.0008963310792653061,0.1286181326363322,-0.0479,0.2329,-0.2329,-46.38630000000006,0.2441,-0.03313307142857147,1400.0,4.072047841163916,16.58157362072771,4.072182636025796,14.2822,14.2822,-11.8408,306.64160000000015,-0.7324,0.21902971428571438,1400.0,6.095507793483416,37.155215260417066,6.099441718399901,16.9067,16.9067,-13.4277,-464.0529000000001,-0.3662,-0.3314663571428572,1400.0,1.7415694520184581,3.0330641562038725,1.7728322261628224,5.6763,5.7373,-5.7373
83.1746,0.0352,0.03780663636363636,2200.0,0.021927448376915952,0.00048081299232231395,0.043705317130236516,0.1348,0.1348,-0.0366,2157.9480000000003,0.9805,0.9808854545454547,2200.0,0.021369566875108912,0.0004566583884297521,0.9811182055834419,1.062,1.062,0.9102,-291.0719,-0.1299,-0.1323054090909091,2200.0,0.021418326324900303,0.00045874470255991733,0.1340278552289513,-0.0801,0.2036,-0.2036,-121.6379,-0.061,-0.055289954545454545,2200.0,3.438298265452363,11.821894962212726,3.4387427849849956,18.8599,18.8599,-18.0054,-172.5485000000001,-0.3052,-0.07843113636363641,2200.0,5.6421654604293865,31.83403108286235,5.642710565500736,21.3623,22.0947,-22.0947,-1113.4061000000002,-0.3662,-0.5060936818181819,2200.0,1.8003788999594423,3.2413641834191713,1.8701590836598514,5.9814,6.0425,-6.0425
73.3244,0.0444,0.04582775,1600.0,0.024133884476757985,0.0005824443799375,0.05179408315628341,0.1289,0.1289,-0.0239,1575.0652,0.9834,0.98441575,1600.0,0.022704719541044763,0.0005155042894375,0.9846775477980089,1.0649,1.0649,0.9077,-210.1008,-0.1284,-0.13131299999999999,1600.0,0.03130632393782445,0.0009800859185,0.13499329571315755,-0.0566,0.2446,-0.2446,-627.0153,-0.3052,-0.39188456250000003,1600.0,3.7634301881967245,14.163406781430432,3.7837785732989513,10.0098,19.3481,-19.3481,64.51749999999993,-0.7019,0.040323437499999955,1600.0,6.086434304078984,37.04468253786943,6.086567876683973,18.1885,19.4092,-19.4092,-537.9616000000001,-0.2441,-0.3362260000000001,1600.0,2.081635443773477,4.333206120774,2.108614247284221,4.8218,8.606,-8.606
68.2364,0.0469,0.048740285714285715,1400.0,0.030079157091696215,0.0009047556913469387,0.05727452437914385,0.1577,0.1577,-0.0435,1372.9473,0.9824,0.9806766428571428,1400.0,0.028357881572871776,0.0008041694473010205,0.9810865646276363,1.0864,1.0864,0.8208,-177.3231,-0.1211,-0.12665935714285714,1400.0,0.02917157982672064,0.0008509810695867346,0.12997528157857005,-0.0249,0.25,-0.25,205.56429999999997,-0.061,0.14683164285714284,1400.0,4.010700999469885,16.08572250714873,4.013387850494001,23.0103,23.0103,-16.6626,-1215.2732999999998,-0.061,-0.868052357142857,1400.0,5.665882732302949,32.102227136208725,5.731992849869058,13.6719,21.3013,-21.3013,-652.4014,-0.4883,-0.466001,1400.0,2.3669042684604173,5.602235816056143,2.412341756065492,6.3477,7.6904,-7.6904
103.5462,0.0483,0.04314425,2400.0,0.033798307900507384,0.0011423256169375,0.05480649528112521,0.1543,0.1543,-0.0664,2360.0600999999997,0.9829,0.9833583749999999,2400.0,0.015324620599742156,0.00023484399652604163,0.9834777769116935,1.0786,1.0786,0.9229,-290.28970000000004,-0.1245,-0.12095404166666668,2400.0,0.031767160066095465,0.0010091524586649306,0.1250561180197381,0.0483,0.1865,-0.1865,-721.7433999999998,0.061,-0.3007264166666666,2400.0,3.776496153249794,14.261923195510493,3.7884508144083995,11.4746,21.1182,-21.1182,1091.3694999999998,0.0,0.4547372916666666,2400.0,4.972128577932879,24.722062595496833,4.992879790254235,27.4658,27.4658,-22.2778,-790.9529000000001,-0.2441,-0.32956370833333337,2400.0,1.8012353908508874,3.2444489332537487,1.831136579041598,5.3711,9.0332,-9.0332
72.2802,0.0596,0.05162871428571428,1400.0,0.058586892644818686,0.00343242398977551,0.0780893598934671,0.1733,0.1733,-0.0781,1368.9827,0.9775,0.9778447857142857,1400.0,0.009034031766275881,8.161372995408171e-05,0.9778865162576748,1.0029,1.0029,0.9482,-205.7946,-0.1558,-0.14699614285714285,1400.0,0.030218437361171083,0.0009131539565510205,0.15007005021465333,-0.0742,0.1963,-0.1963,368.4066,0.1831,0.2631475714285714,1400.0,2.1483812667002073,4.615542067108388,2.1644372736249817,5.127,5.6152,-5.6152,46.20330000000013,-0.3052,0.033002357142857236,1400.0,4.525535610117817,20.480472558444447,4.525655942956936,11.5967,12.7563,-12.7563,-1022.9493,-1.1597,-0.7306780714285714,1400.0,2.7799381444116436,7.728056086754852,2.8743601950384416,5.0659,6.2866,-6.2866
13.097000000000003,0.02,0.01091416666666667,1200.0,0.040012838347696464,0.0016010272326388887,0.04147464607042074,0.0728,0.105,-0.105,1177.2421,0.9834,0.9810350833333333,1200.0,0.010059250841541606,0.00010118852749305552,0.9810866543065059,1.0059,1.0059,0.937,-166.50670000000002,-0.1279,-0.13875558333333335,1200.0,0.02936468120310047,0.0008622845021597222,0.14182875733902955,-0.1021,0.2051,-0.2051,-23.62220000000002,0.39670000000000005,-0.019685166666666684,1200.0,3.067377096733185,9.408802253563303,3.0674402617410497,6.4697,13.2446,-13.2446,-1746.7631000000001,-1.4038,-1.4556359166666668,1200.0,5.660187059995013,32.03771755413499,5.844364249088604,17.8223,18.6768,-18.6768,-279.6634999999999,-0.2136,-0.23305291666666658,1200.0,2.7942375731001876,7.807763614924826,2.803939599365804,7.3853,7.3853,-6.5918
-3.1990999999999996,-0.0127,-0.0022850714285714284,1400.0,0.04515408269780942,0.002038891184280612,0.045211864988233846,0.0771,0.0996,-0.0996,1374.2662999999998,0.9824,0.9816187857142855,1400.0,0.009420764904329856,8.875081138265311e-05,0.9816639910267522,1.0117,1.0117,0.9409,-188.57059999999998,-0.1328,-0.1346932857142857,1400.0,0.0230651666384881,0.0005320019120612246,0.13665388076659743,-0.0884,0.1938,-0.1938,-362.42870000000005,0.2441,-0.2588776428571429,1400.0,2.388863984848719,5.706671138107301,2.402850135168353,5.127,10.0708,-10.0708,166.87150000000008,0.0,0.11919392857142863,1400.0,5.025627275814745,25.25692951541314,5.027040551658742,12.9395,13.4888,-13.4888,-802.5528999999999,-0.3662,-0.5732520714285714,1400.0,3.0851526003441054,9.518166567409995,3.1379586525011995,7.3242,7.9346,-7.9346
13.313400000000001,0.002,0.011094500000000002,1200.0,0.04940573839562229,0.0024409269864166666,0.05063610289770202,0.0859,0.0952,-0.0952,1179.8408000000002,0.9839,0.9832006666666668,1200.0,0.008250730243775732,6.807454955555553e-05,0.983235284905568,1.0151,1.0151,0.9429,-144.714,-0.1182,-0.120595,1200.0,0.019809512655960686,0.00039241679166666666,0.12221117304349331,-0.0859,0.168,-0.168,122.0736,0.6104,0.101728,1200.0,2.214378241038027,4.903470994382666,2.216713689308267,5.0049,9.8877,-9.8877,-860.1636,-1.1597,-0.716803,1200.0,4.207689018026919,17.704646872424334,4.268308026986025,14.3433,14.3433,-10.5591,-59.1413,0.3662,-0.04928441666666667,1200.0,2.99887134541183,8.993229346332159,2.9992762960518218,8.606,8.606,-8.3618
15.9313,0.001,0.0113795,1400.0,0.03805356677153555,0.0014480739440357142,0.03971859720943974,0.0825,0.0977,-0.0977,1377.1624000000002,0.9841500000000001,0.9836874285714287,1400.0,0.008690504618870663,7.552487053061232e-05,0.9837258164753022,1.0103,1.0103,0.9463,-172.7727,-0.1172,-0.12340907142857142,1400.0,0.02339986622050979,0.0005475537391377551,0.1256079322734038,-0.0801,0.1772,-0.1772,-387.6954999999999,-0.1221,-0.2769253571428571,1400.0,2.523065408844371,6.365859057307015,2.5382172308011217,6.1035,7.5684,-7.5684,837.5263000000001,-0.3662,0.5982330714285715,1400.0,4.630931303363349,21.44552473647057,4.669411905606682,14.7705,14.7705,-9.6436,-621.8855000000001,-0.6104,-0.44420392857142865,1400.0,2.7419742984479,7.518423053348853,2.7777221213626,6.6528,7.8125,-7.8125
138.1418,0.0283,0.036353105263157895,3800.0,0.029992312889515604,0.0008995388324626038,0.047128410696063605,0.1279,0.1279,-0.0225,3710.9213,0.9785,0.9765582368421053,3800.0,0.012419020452376165,0.0001542320689965375,0.9766372008136684,1.0205,1.0205,0.9077,-633.7379,-0.1616,-0.16677313157894735,3800.0,0.03517084665463343,0.0012369884544037395,0.17044138544101498,-0.0796,0.3335,-0.3335,-497.25529999999986,-0.1221,-0.1308566578947368,3800.0,4.395582969224888,19.321149639339882,4.397530341482053,40.3442,40.3442,-21.6675,-2081.8493000000003,-0.6104,-0.5478550789473685,3800.0,3.4207519831510877,11.701544130232099,3.464345438572852,15.2588,15.2588,-15.1367,-1067.2621999999997,-0.1221,-0.28085847368421046,3800.0,1.592140929596566,2.5349127396966176,1.6167232978889252,5.7983,6.1646,-6.1646
212.63170000000002,0.0493,0.05315792500000001,4000.0,0.024649101549435327,0.000607578207194375,0.05859473694368804,0.1216,0.1216,0.0,3912.923,0.978,0.9782307499999999,4000.0,0.011467164402654216,0.0001314958594375,0.978297958755409,1.0205,1.0205,0.9443,-625.2484999999999,-0.1543,-0.15631212499999997,4000.0,0.021665023436044907,0.000469373240484375,0.1578063802971857,-0.103,0.2207,-0.2207,-303.6491000000002,0.0,-0.07591227500000006,4000.0,2.4848467629497444,6.174463435341824,2.4860060556719286,9.4604,13.4277,-13.4277,-419.4951999999997,0.0,-0.10487379999999993,4000.0,3.7043304321305572,13.72206395040856,3.7058146829455736,11.6577,16.9678,-16.9678,-1780.2721999999997,-0.4272,-0.44506804999999994,4000.0,1.398827686650217,1.9567188969391975,1.467925224958683,3.8452,5.188,-5.188
222.1182,0.0581,0.06290518266779949,3531.0,0.027112331099285136,0.000735078497637264,0.06849920075523865,0.1328,0.1328,0.0088,3461.6940000000004,0.9805,0.9803721325403569,3531.0,0.010848295806425165,0.00011768552190370182,0.9804321515452411,1.0195,1.0195,0.9492,-495.1123,-0.1401,-0.14021871990937412,3531.0,0.02166007916292303,0.0004691590293440925,0.14188181152765003,-0.0776,0.2119,-0.2119,-734.0068000000001,-0.2441,-0.2078750495610309,3531.0,2.66668633454117,7.111216006828623,2.674776260373683,16.9678,16.9678,-14.4043,-979.1256000000001,-0.1831,-0.2772941376380629,3531.0,3.049011221568716,9.296469429251953,3.0615945956348285,7.9956,10.3149,-10.3149,-1510.9243999999999,-0.4883,-0.42790269045596147,3531.0,1.4857720196773414,2.207518494456086,1.5461627362459414,4.6387,4.6387,-4.5166
169.8478,0.0464,0.04725870895937674,3594.0,0.024087290088299212,0.0005801975437978775,0.053043219324480605,0.1274,0.1274,-0.0122,3532.8318,0.9839,0.9829804674457429,3594.0,0.011222415868378839,0.00012594261792284116,0.9830445269659834,1.0176,1.0176,0.9443,-450.8529,-0.125,-0.12544599332220366,3594.0,0.023964583909243952,0.0005743012819431942,0.1277145196230153,-0.0513,0.1992,-0.1992,-408.9972999999998,0.0,-0.11380002782415131,3594.0,2.5427955364853974,6.465809140370061,2.545340760429306,11.9629,11.9629,-10.2539,-733.7105999999997,-0.5493,-0.20414874791318854,3594.0,3.547217761042719,12.58275384425692,3.5530874680383877,12.146,12.6343,-12.6343,-1857.1816,-0.4883,-0.5167450194769059,3594.0,1.5793244667352786,2.4942657712286724,1.6617133285807335,4.6997,5.4321,-5.4321
163.4718,0.0581,0.0544906,3000.0,0.025937779234930656,0.00067276839164,0.06034893437335907,0.1318,0.1318,-0.0039,2951.6821999999997,0.9844,0.9838940666666666,3000.0,0.01150134766576895,0.0001322809981288889,0.9839612875616601,1.0474,1.0474,0.9448,-349.1864,-0.1143,-0.11639546666666667,3000.0,0.02669145480203147,0.0007124337594488888,0.11941665888811326,-0.0552,0.1851,-0.1851,-438.84069999999986,0.0,-0.1462802333333333,3000.0,3.0215041417037,9.129487278332613,3.0250430054788753,14.5264,14.5264,-13.7329,-251.22409999999985,-0.3662,-0.08374136666666662,3000.0,3.362895448352823,11.309065796552133,3.3639379324005567,10.3149,10.3149,-10.3149,-1568.3009000000002,-0.3662,-0.5227669666666668,3000.0,1.28086956871187,1.6406268520521323,1.3834421395526448,3.6011,3.7842,-3.7842
207.4818,0.0566,0.05763383333333333,3600.0,0.023218182524693876,0.00053908399975,0.062134875427930523,0.125,0.125,0.0073,3526.9851,0.981,0.9797180833333333,3600.0,0.01072389948737295,0.00011500202021527782,0.9797767729593081,1.0195,1.0195,0.9404,-526.4891,-0.1455,-0.14624697222222222,3600.0,0.025761447762743493,0.0006636521908325618,0.14849858273734465,-0.082,0.2324,-0.2324,239.62570000000017,0.0,0.06656269444444449,3600.0,3.325968769489904,11.062068255622185,3.326634763227531,14.3433,14.3433,-14.1602,-1235.346,-0.2136,-0.3431516666666667,3600.0,2.8977130116433583,8.396740697847221,2.9179605487708935,7.6294,8.8501,-8.8501,-1570.8549000000003,-0.3662,-0.43634858333333343,3600.0,1.5302977670023692,2.3418112556924378,1.5912923495918168,5.6152,5.6152,-5.0049
204.1282,0.0542,0.05373208739141879,3799.0,0.025823891997145354,0.0006668733978802279,0.059615523257950984,0.1426,0.1426,-0.0088,3733.3565000000003,0.9834,0.9827208475914715,3799.0,0.011888162591867394,0.00014132840981067528,0.9827927516525092,1.0205,1.0205,0.9053,-469.76849999999996,-0.1182,-0.1236558304817057,3799.0,0.0319181064513639,0.0010187655194405976,0.12770876998687652,-0.0488,0.2344,-0.2344,-724.9165000000004,0.0,-0.19081771518820753,3799.0,3.4395814855066766,11.830720795440316,3.4448704178633434,14.4043,20.874,-20.874,-978.4555000000003,-0.5493,-0.25755606738615433,3799.0,3.4634531658017926,11.99550783170246,3.4730164064613747,10.3149,11.8408,-11.8408,-1075.6790999999998,-0.2441,-0.28314795998947084,3799.0,1.4852045423579248,2.205832532640613,1.5119541328647548,3.7231,5.249,-5.249
187.1406,0.0591,0.058481437500000004,3200.0,0.024830507303186415,0.0006165540929335938,0.06353449948649946,0.1338,0.1338,-0.0049,3142.1733000000004,0.9824,0.9819291562500001,3200.0,0.009463013686880406,8.95486280380859e-05,0.9819747535053409,1.0176,1.0176,0.9468,-417.77920000000006,-0.1289,-0.130556,3200.0,0.024594100186833428,0.000604869764,0.13285231988941706,-0.0737,0.1943,-0.1943,-69.15370000000013,-0.061,-0.02161053125000004,3200.0,2.512654735091895,6.313433817779719,2.5127476659705854,8.8501,11.2305,-11.2305,-249.44820000000004,0.061,-0.07795256250000002,3200.0,3.5533365138362822,12.626200380562183,3.5541914667843235,11.2305,12.5732,-12.5732,-1409.1231000000002,-0.3052,-0.44035096875000007,3200.0,1.5023766967018661,2.2571357387928113,1.5655812704781171,5.8594,5.8594,-4.6387
187.4925,0.0562,0.058591406250000005,3200.0,0.02036860999239911,0.0004148802730224609,0.062030904873095316,0.1201,0.1201,0.0112,3145.337,0.9834,0.9829178125,3200.0,0.010914691141523145,0.0001191304827148438,0.9829784110612502,1.0195,1.0195,0.936,-398.4235,-0.1235,-0.12450734375,3200.0,0.02833051555645142,0.0008026181116943359,0.12768984595250712,-0.0664,0.231,-0.231,-700.4364000000002,-0.2441,-0.21888637500000005,3200.0,2.991448459574284,8.948763886289358,2.9994458040528085,11.9019,13.6108,-13.6108,-1291.8121999999996,-0.3662,-0.4036913124999999,3200.0,3.4969215417491895,12.228460269149528,3.5201458698379957,10.1318,11.7188,-11.7188,-1250.6108,-0.4272,-0.390815875,3200.0,1.5636245583932495,2.4449217596104846,1.6117254132644618,5.249,5.7983,-5.7983
145.8005,0.0435,0.04050013888888889,3600.0,0.03146956594133871,0.0009903335805362655,0.051289324723138595,0.1353,0.1353,-0.0435,3537.2838,0.9829,0.9825788333333334,3600.0,0.010648823449616917,0.00011339744086111111,0.9826365356303192,1.0347,1.0347,0.9331,-456.736,-0.1201,-0.1268711111111111,3600.0,0.034632182349961536,0.0011993880543209874,0.1315129913312327,-0.0674,0.291,-0.291,386.16639999999995,-0.1221,0.10726844444444443,3600.0,3.4887703287490566,12.171518406759802,3.4904190186757424,29.48,29.48,-12.8784,-177.1887999999998,-0.2441,-0.049219111111111054,3600.0,2.9600846595806622,8.762101191884765,2.9604938292087914,11.9019,11.9019,-7.8125,-2798.4011,-0.6714,-0.777333638888889,3600.0,1.4126169878531134,1.995486754371203,1.6123691700474319,3.418,5.7373,-5.7373
-2.7414999999999985,0.0034,-0.0009138333333333328,3000.0,0.02496726200391669,0.0006233641719722221,0.0249839801339445,0.0654,0.0698,-0.0698,2948.1185,0.9829,0.9827061666666667,3000.0,0.011148235075811575,0.00012428314530555553,0.9827693997830824,1.0269,1.0269,0.9346,-388.4479,-0.1265,-0.12948263333333335,3000.0,0.03235284760881009,0.0010467067483988888,0.13346332486242554,-0.0757,0.2817,-0.2817,29.05190000000016,-0.1831,0.00968396666666672,3000.0,4.050484736128043,16.406426597606263,4.0504963124062545,38.3911,38.3911,-16.7236,-961.9806,-0.3052,-0.3206602,3000.0,2.984037009938487,8.904476876682626,3.0012163934889244,11.5967,11.5967,-10.9863,-1306.4602,-0.3052,-0.4354867333333333,3000.0,1.5339881124063497,2.3531195290039957,1.5946059776362727,4.2114,5.9814,-5.9814
-32.11129999999999,-0.0054,-0.010703766666666665,3000.0,0.035240613158857244,0.0012419008158122222,0.03683030595401926,0.0479,0.1157,-0.1157,2948.4851,0.9829,0.9828283666666666,3000.0,0.011957376746826854,0.00014297885866555555,0.9829011024428314,1.0229,1.0229,0.9409,-370.5342,-0.1162,-0.1235114,3000.0,0.03447030001861506,0.0011882015833733334,0.12823130473224287,-0.043,0.2402,-0.2402,-1827.2044,-0.3052,-0.6090681333333333,3000.0,3.428343408919899,11.753538529484516,3.4820256346739704,8.9722,13.7329,-13.7329,-1156.2568,-0.3052,-0.3854189333333334,3000.0,3.472201907754626,12.056186088214861,3.4935274211585443,10.376,14.7095,-14.7095,-1045.4682,-0.1831,-0.3484894,3000.0,1.731194463585082,2.99703427074764,1.7659216099985866,3.7842,6.3477,-6.3477
-31.5274,0.0,-0.008757611111111112,3600.0,0.03382787267696219,0.0011443249698487653,0.034943106934304254,0.0483,0.1089,-0.1089,3543.1328999999996,0.9849,0.9842035833333332,3600.0,0.010470778435656592,0.00010963720104861113,0.9842592801935993,1.0151,1.0151,0.9463,-429.46630000000005,-0.1182,-0.11929619444444446,3600.0,0.021000820869299695,0.00044103447718441354,0.12113057618170199,-0.0718,0.1909,-0.1909,132.5739000000002,0.0,0.03682608333333339,3600.0,2.2305970990173596,4.9755634181446595,2.230901068751892,9.3994,9.3994,-7.3853,-372.68060000000025,0.0,-0.10352238888888896,3600.0,3.186191267706609,10.151814794409848,3.1878725946014708,12.8784,12.8784,-7.8125,-2025.0227,-0.3662,-0.5625063055555556,3600.0,1.7003906173163454,2.891328251457462,1.791016916516207,3.8452,6.5918,-6.5918
-23.983799999999995,-0.0078,-0.008565642857142855,2800.0,0.028794144710109635,0.0008291027695867346,0.03004118851082389,0.0391,0.082,-0.082,2758.2675,0.9854,0.9850955357142857,2800.0,0.010344986263134367,0.00010701874078443877,0.9851498531822456,1.019,1.019,0.9497,-297.8591,-0.1035,-0.10637825000000001,2800.0,0.02362436881564246,0.0005581108019374999,0.10896991729371919,-0.0459,0.1719,-0.1719,-618.7789000000001,-0.1831,-0.22099246428571434,2800.0,2.3179896169549745,5.37307586431107,2.328500275624236,5.6763,7.5073,-7.5073,-1484.1301000000003,-0.4883,-0.5300464642857144,2800.0,3.428590480894497,11.755232685680356,3.4693200976534495,12.6953,12.6953,-12.3901,-806.3386999999999,-0.3052,-0.2879781071428571,2800.0,1.5959454638628081,2.547041923624274,1.6217192462993886,4.5776,5.8594,-5.8594
60.1015,0.0015,0.008347430555555556,7200.0,0.031841368341238095,0.0010138727378423997,0.03291735613201981,0.186,0.2637,-0.2637,7101.1828000000005,0.9868,0.986275388888889,7200.0,0.018801339191778895,0.000353490355404321,0.9864545773036553,1.1133,1.1133,0.8726,-43.48099999999994,0.0498,-0.006039027777777769,7200.0,0.10772772342112884,0.01160526239349923,0.10789685931481045,0.1895,0.2241,-0.2241,3181.1536000000006,0.3052,0.441826888888889,7200.0,4.874455435479638,23.760315792476987,4.894438353092438,40.6494,40.6494,-37.3535,-1057.0600999999997,-0.1831,-0.14681390277777773,7200.0,5.397076137075394,29.12843082938866,5.399072619574357,65.2466,65.2466,-28.9917,908.2695000000001,0.0,0.12614854166666667,7200.0,3.0453099332759197,9.273912589708987,3.047921594180797,26.6113,26.6113,-23.4375
77.49080000000001,0.0078,0.011874164878945756,6526.0,0.024317258980170897,0.0005913290843087022,0.027061501729968556,0.1123,0.1123,-0.0552,6453.8466,0.9897,0.9889437021146185,6526.0,0.012261854772566702,0.00015035308246351682,0.9890197162011639,1.0576,1.0576,0.9375,148.1102,0.0132,0.02269540300337113,6526.0,0.07555250940036148,0.00570818167669171,0.07888766059515986,0.2065,0.2065,-0.1973,-1303.7741999999994,-0.1831,-0.19978152007355185,6526.0,4.324984212349442,18.705488437071917,4.329595950297765,14.4043,24.1089,-24.1089,1113.5932,0.0,0.17063947287771988,6526.0,4.039279622681525,16.315779870210203,4.042882350491316,20.2637,20.2637,-10.1929,494.56839999999994,0.0,0.07578430891817345,6526.0,1.6264941672140076,2.645483275981188,1.628258744014413,9.3994,9.3994,-5.6763
100.1661,0.0112,0.013911958333333333,7200.0,0.02485273448063473,0.0006176584111649305,0.02848159047232674,0.1099,0.1099,-0.0591,7112.4902,0.9878,0.9878458611111112,7200.0,0.016301483899143758,0.00026573837731404314,0.9879803559239762,1.1216,1.1216,0.9063,350.8005,0.0532,0.04872229166666667,7200.0,0.08040691931615668,0.00646527267391493,0.09401667075134425,0.228,0.228,-0.1724,1326.5498000000002,0.061,0.18424302777777782,7200.0,4.014551199852198,16.116621336234722,4.018776782743656,19.104,20.2637,-20.2637,-944.9479000000003,0.0,-0.13124276388888895,7200.0,5.141142533195955,26.431346546636526,5.142817438885977,23.4985,31.4941,-31.4941,428.59559999999976,0.0,0.05952716666666663,7200.0,1.6249633875681544,2.640506010936972,1.626053349219617,7.5073,7.5073,-5.3101
180.29470000000003,0.0225,0.02575638571428572,7000.0,0.024178784131543833,0.000584613602079796,0.035327114333651106,0.1323,0.1323,-0.0259,6920.6098,0.9888,0.9886585428571428,7000.0,0.014011894789464428,0.00019633319559102038,0.988757830593518,1.0425,1.0425,0.9307,-88.00340000000001,-0.0317,-0.012571914285714287,7000.0,0.08060321531901864,0.006496878319764081,0.08157776258620623,0.1841,0.1841,-0.1777,-148.1287999999995,0.0,-0.021161257142857073,7000.0,4.534995425619885,20.56618351039328,4.5350447968236365,19.8364,19.8364,-15.686,78.42110000000025,-0.1221,0.011203014285714321,7000.0,3.00196666039511,9.011803830123771,3.0019875645400096,13.0615,13.0615,-10.0708,333.4983,0.0,0.04764261428571428,7000.0,1.6392599498675422,2.687173183239737,1.6399521340379768,8.1177,8.1177,-7.4463
162.2003,0.0225,0.02616133870967742,6200.0,0.025924640797240005,0.000672087000465921,0.036830729609232386,0.1431,0.1431,-0.0298,6120.8142,0.9873,0.9872280967741935,6200.0,0.011561313866218465,0.00013366397831321536,0.9872957910569201,1.0215,1.0215,0.9341,55.635999999999996,0.0308,0.008973548387096773,6200.0,0.09730811346169169,0.009468868945473463,0.09772099833776277,0.2056,0.2129,-0.2129,2203.4880999999996,0.0,0.35540130645161283,6200.0,3.689898067599442,13.615347749274097,3.70697421597475,16.8457,16.8457,-12.2681,292.7931999999996,0.0,0.04722470967741929,6200.0,3.165269007104739,10.018927887337819,3.165621275601669,15.1367,15.1367,-10.3149,123.16670000000003,0.0,0.019865596774193552,6200.0,1.583349363505984,2.5069952069148047,1.583473981109257,7.4463,7.5073,-7.5073
146.4392,0.0181,0.023619225806451614,6200.0,0.028163009393711847,0.0007931550981103017,0.036756263762880624,0.1392,0.1392,-0.0405,6133.8245,0.9907,0.9893265322580644,6200.0,0.0159135470055342,0.0002532409782973465,0.9894545105299508,1.1494,1.1494,0.8286,154.42350000000002,0.0078,0.02490701612903226,6200.0,0.06861334063924565,0.00470779051367716,0.07299417761800617,0.2788,0.2788,-0.1748,-1320.6156999999998,-0.061,-0.21300253225806448,6200.0,4.535999707493274,20.57529334637907,4.540998064867174,31.4941,31.4941,-15.9912,-152.5238999999999,-0.1221,-0.02460062903225805,6200.0,3.244304724028375,10.52551314235283,3.244397992432743,17.1509,17.1509,-12.8784,845.2725000000002,0.0,0.1363342741935484,6200.0,1.5406000559473432,2.373448532384957,1.5466206925761852,7.9956,7.9956,-5.5542
92.1725,0.0127,0.017725480769230768,5200.0,0.02792293527177861,0.000779690314191938,0.03307390183652826,0.1328,0.1328,-0.0366,5131.1594000000005,0.9873,0.9867614230769232,5200.0,0.014810119860505667,0.00021933965028254437,0.9868725579947377,1.0381,1.0381,0.916,-8.182000000000002,-0.0127,-0.0015734615384615388,5200.0,0.10173666534971201,0.010350349076479292,0.10174883221783092,0.2412,0.2412,-0.1855,168.33499999999992,-0.1831,0.03237211538461537,5200.0,4.816579303872373,23.19943619049168,4.816688088754154,19.9585,19.9585,-15.8691,-1172.1195000000007,-0.2441,-0.22540759615384628,5200.0,3.321167691736828,11.030154836636529,3.328808108173312,16.3574,16.3574,-11.1084,897.9501000000002,0.061,0.1726827115384616,5200.0,1.8406406324364646,3.3879579377761084,1.8487231422363883,11.5356,11.5356,-5.0659
145.1497,0.0225,0.02902994,5000.0,0.038334936932208456,0.0014695673895964,0.04808643058077819,0.166,0.166,-0.0503,4946.1146,0.9902,0.98922292,5000.0,0.013120301775248921,0.00017214231867359998,0.9893099250346173,1.0347,1.0347,0.918,166.195,0.0244,0.033239,5000.0,0.06255583015994592,0.003913231887,0.07083828772634189,0.208,0.208,-0.0879,589.7229000000002,-0.3052,0.11794458000000003,5000.0,4.406721024973855,19.419190191946623,4.408299118242545,20.1416,20.1416,-15.7471,-250.54610000000025,0.1221,-0.05010922000000005,5000.0,3.452345958637545,11.918692618120991,3.452709595672651,9.5215,17.334,-17.334,305.41849999999977,0.061,0.061083699999999956,5000.0,2.2211520366783337,4.93351637004031,2.2219918065659017,9.6436,9.6436,-6.7749
153.68689999999998,0.0361,0.0349288409090909,4400.0,0.022943764205753937,0.0005264163159292356,0.04179043243592746,0.1226,0.1226,-0.0469,4343.705900000001,0.9873,0.9872058863636366,4400.0,0.013595082980983017,0.00018482628125981407,0.987299492733726,1.0317,1.0317,0.9419,36.7415,0.0,0.00835034090909091,4400.0,0.09755880893022312,0.009517721199883781,0.097915521717355,0.2056,0.2056,-0.1895,-157.2278999999994,0.0,-0.0357336136363635,4400.0,5.072530875077829,25.73056947861785,5.0726567368353805,30.0293,30.0293,-15.564,754.9424999999999,-0.3052,0.1715778409090909,4400.0,4.344304434290151,18.872981017793066,4.347691338317854,15.564,16.1133,-16.1133,15.875,0.09154999999999999,0.0036079545454545453,4400.0,1.9331977631505686,3.7372535914503615,1.9332011299361387,6.958,9.3384,-9.3384
-14.990599999999997,0.0034,-0.004408999999999999,3400.0,0.03547659230186774,0.0012585886013529413,0.03574951583382551,0.1714,0.1714,-0.1455,3365.5279,0.9907,0.9898611470588236,3400.0,0.018321116854654443,0.0003356633228019031,0.9900306832514898,1.0698,1.0698,0.8979,95.13310000000001,0.0166,0.02798032352941177,3400.0,0.06007705736518754,0.0036092528216600346,0.06627330779786526,0.2153,0.2153,-0.1001,-920.1055000000001,-0.4883,-0.2706192647058824,3400.0,5.142431289813733,26.44459957045534,5.149547005017557,16.3574,17.0288,-17.0288,253.35580000000004,-0.061,0.0745164117647059,3400.0,4.611193756420164,21.2631078592483,4.61179580585162,14.5874,17.7002,-17.7002,-192.93170000000015,0.0,-0.05674461764705887,3400.0,2.5393547106743424,6.448322346623972,2.5399886413635557,8.5449,10.9863,-10.9863
-62.435,-0.0073,-0.01836323529411765,3400.0,0.03487652372556546,0.0012163719071799307,0.03941548322229551,0.0371,0.1621,-0.1621,3359.1613,0.9878,0.9879886176470589,3400.0,0.016408408438994472,0.00026923586750086497,0.9881248627919688,1.0439,1.0439,0.9365,136.134,0.0186,0.04003941176470588,3400.0,0.0788806551600423,0.006222157758477508,0.08846079500513872,0.229,0.229,-0.0942,1358.3353000000009,-0.1221,0.39951038235294145,3400.0,5.139885806687661,26.418426105789266,5.155388894292753,16.4795,16.4795,-15.4419,208.12950000000046,-0.061,0.061214558823529545,3400.0,4.297386366890699,18.46752958633804,4.297822333292757,16.0522,16.0522,-11.0474,-182.98350000000005,0.0,-0.05381867647058825,3400.0,2.4677907128265466,6.089991002312955,2.468377493871227,8.1787,10.9863,-10.9863
-49.048,-0.0073,-0.016349333333333334,3000.0,0.03016536666812161,0.0009099493462222223,0.034311077608648,0.0498,0.1255,-0.1255,2959.2388,0.9873,0.9864129333333334,3000.0,0.014053850459176261,0.0001975107127288888,0.9865130438874086,1.0229,1.0229,0.9502,241.0953,0.0527,0.08036510000000001,3000.0,0.059923208681250256,0.0035907909386566662,0.10024639762438681,0.2285,0.2285,0.0,485.35280000000023,0.1221,0.16178426666666673,3000.0,4.261691200027573,18.16201188439246,4.264760958521983,12.2681,12.3291,-12.3291,678.7144999999999,0.1831,0.22623816666666666,3000.0,4.294231166485254,18.440421311213306,4.300186626097756,13.2446,13.2446,-12.2681,33.93850000000012,0.1221,0.011312833333333373,3000.0,1.8377472905413226,3.3773151038919726,1.8377821100690908,5.0049,7.019,-7.019
-62.1768,-0.0195,-0.01943025,3200.0,0.02805506756697442,0.0007870868161875,0.03412655023951293,0.0547,0.0991,-0.0991,3156.1438,0.9873,0.9862949375,3200.0,0.0177584453323227,0.0003153623806210938,0.9864547967944349,1.0483,1.0483,0.9136,284.80320000000006,0.0737,0.08900100000000002,3200.0,0.0569512048182477,0.00324343973025,0.1056627547021655,0.2466,0.2466,-0.0195,88.1326999999996,-0.3052,0.027541468749999874,3200.0,4.365354462804506,19.056319585927216,4.365441342914611,13.916,13.916,-11.9019,367.24609999999984,-0.7324,0.11476440624999995,3200.0,5.110904983664093,26.121349752042462,5.112193327817756,16.5405,16.5405,-10.498,13.918800000000005,0.0,0.004349625000000001,3200.0,2.1206763304397396,4.497268098487359,2.1206807910963406,7.9956,8.4229,-8.4229
-79.78290000000001,-0.02,-0.026594300000000005,3000.0,0.03510634098720629,0.0012324551775100001,0.04404216127757583,0.0483,0.1826,-0.1826,2956.5159000000003,0.9858,0.9855053000000001,3000.0,0.017972321921313712,0.0003230043552433334,0.9856691639101496,1.0298,1.0298,0.938,257.717,0.0791,0.08590566666666666,3000.0,0.06653361882954778,0.004426722434555555,0.10865774707769345,0.2314,0.2314,-0.0684,373.65350000000035,0.0,0.12455116666666678,3000.0,4.742539537129024,22.49168126123197,4.744174770637144,15.625,15.625,-13.1836,-842.4054999999998,0.2441,-0.2808018333333333,3000.0,5.2818927303395045,27.898390814813304,5.289351612855461,17.6392,17.6392,-16.9067,-515.9339,-0.061,-0.17197796666666668,3000.0,2.611686685018808,6.820907340704531,2.6173428819555404,7.2021,11.9019,-11.9019
-67.53490000000001,-0.022,-0.02597496153846154,2600.0,0.03520951335602001,0.0012397098307677515,0.04375395362355621,0.043,0.1348,-0.1348,2555.8776,0.9844,0.983029846153846,2600.0,0.020417154589089853,0.0004168602015147929,0.9832418515455743,1.0791,1.0791,0.896,289.4183,0.10275,0.11131473076923076,2600.0,0.06043580378515937,0.0036524863791582837,0.12666276353129446,0.2993,0.2993,-0.0073,704.837400000001,0.0,0.2710913076923081,2600.0,5.53964801672604,30.687700149216745,5.546277188017479,19.5923,19.5923,-14.0991,-1855.8965,-0.9766,-0.7138063461538462,2600.0,5.611133487246764,31.484819011702033,5.656353817744391,17.395,18.5547,-18.5547,1095.4573,0.4272,0.4213297307692308,2600.0,2.7396931006923873,7.505918285981466,2.7719013380731172,11.3525,11.3525,-7.7515
180.65359999999998,0.0444,0.04105763636363636,4400.0,0.018466344715197317,0.00034100588714049585,0.045019277991868,0.1021,0.1021,-0.0054,4363.2574,0.9917,0.9916494090909092,4400.0,0.006226293922909743,3.87667360144628e-05,0.9916689554918838,1.022,1.022,0.9668,-47.96990000000001,-0.0132,-0.010902250000000002,4400.0,0.03346966933496723,0.0011202187653920454,0.03520053721826622,0.0713,0.0962,-0.0962,-1304.9289000000003,0.0,-0.29657475000000005,4400.0,2.3495432182014717,5.520353334196529,2.36818705269117,5.8594,11.2305,-11.2305,353.3948000000001,0.061,0.08031700000000001,4400.0,2.514710910942051,6.323770965611001,2.5159932007261068,12.8784,12.8784,-9.2773,201.78420000000006,0.0,0.045860045454545466,4400.0,1.1036487035094908,1.2180404607581798,1.1046011065209345,4.0894,4.2725,-4.2725
184.1909,0.0415,0.0400415,4600.0,0.01624394501003775,0.0002638657494891304,0.04321096471659862,0.0786,0.0786,-0.0049,4556.9876,0.9902,0.9906494782608697,4600.0,0.006710065747552991,4.5024982336483887e-05,0.9906722029818287,1.0254,1.0254,0.9692,-202.0895,-0.0469,-0.0439325,4600.0,0.029848083076057283,0.0008909080633152173,0.05311282914292193,0.0337,0.1152,-0.1152,611.7552000000001,-0.061,0.13299026086956522,4600.0,2.4918675403130917,6.209403838466018,2.4954138430232717,7.8125,11.3525,-11.3525,29.29890000000023,0.0,0.006369326086956572,4600.0,2.044802614175644,4.181217730939546,2.0448125340124332,10.0098,10.0098,-8.4839,-112.55260000000004,-0.061,-0.02446795652173914,4600.0,1.0809375597657553,1.1684260081123459,1.0812144509803296,6.2866,6.2866,-3.1128
197.36310000000003,0.0439,0.044855250000000006,4400.0,0.01720754630126641,0.00029609964971022727,0.0480426175626675,0.0947,0.0947,0.001,4360.0533000000005,0.9907,0.9909212045454546,4400.0,0.005704040665414878,3.253607991270661e-05,0.990937621496796,1.0156,1.0156,0.9639,-163.6436,-0.0435,-0.03719172727272727,4400.0,0.02622082707450462,0.0006875317724710744,0.04550556394552209,0.0347,0.0879,-0.0879,-96.67829999999992,0.0,-0.021972340909090893,4400.0,1.7453600833602352,3.046281820587247,1.7454983827985269,5.4321,8.1177,-8.1177,-67.50240000000002,0.1831,-0.01534145454545455,4400.0,2.229117920564437,4.968966703781521,2.229170712172823,7.2021,9.0332,-9.0332,132.74899999999997,0.0,0.030170227272727265,4400.0,1.0040876275119994,1.0081919637226755,1.0045407937641775,3.6011,3.6011,-2.9297
189.03969999999998,0.0449,0.04500945238095238,4200.0,0.02008821127131696,0.0004035362320810658,0.049288812480260534,0.0845,0.0845,-0.022,4158.8232,0.9897,0.990196,4200.0,0.006235251413573968,3.887836019047617e-05,0.990215631454175,1.0112,1.0112,0.9688,-206.3529,-0.0488,-0.04913164285714286,4200.0,0.030093581441358673,0.000905623643967687,0.05761546644616811,0.0088,0.1084,-0.1084,371.64409999999987,0.0,0.08848669047619044,4200.0,1.9446112468591124,3.7815129014109514,1.9466234345148477,8.7891,8.7891,-5.6763,10.862899999999854,0.0,0.0025864047619047273,4200.0,1.9515989828778686,3.808738589969931,1.951600696725517,7.8125,7.8125,-5.8594,6.403699999999958,0.0,0.0015246904761904662,4200.0,1.1962712041281003,1.4310647938260947,1.1962721757640036,4.2725,4.2725,-3.7842
206.16660000000002,0.0391,0.03964742307692308,5200.0,0.01726786046092361,0.00029817900489792905,0.04324462002999288,0.0923,0.0923,-0.0015,5151.3497,0.9902,0.990644173076923,5200.0,0.006187973190052911,3.8291012200813605e-05,0.9906634992082133,1.02,1.02,0.9707,-219.04060000000004,-0.0444,-0.04212319230769231,5200.0,0.034477568133854164,0.0011887027044245563,0.054434052160530766,0.0352,0.1191,-0.1191,-926.5156999999999,-0.2441,-0.17817609615384614,5200.0,2.1337330139614448,4.552816574868991,2.1411593345918036,11.1694,11.1694,-5.4932,-997.9228999999999,-0.1831,-0.19190824999999997,5200.0,2.009046491655646,4.036267805633861,2.0181914136305115,6.8359,6.8359,-6.4697,591.5495999999998,0.061,0.11375953846153843,5200.0,0.9283700112052153,0.8618708777051716,0.9353139100302925,3.9063,3.9063,-3.0518
210.58190000000002,0.0405,0.04211638,5000.0,0.022503243537223695,0.0005063959696956001,0.04775128724966479,0.1094,0.1094,-0.0156,4952.947,0.9902,0.9905894000000001,5000.0,0.006162343680776006,3.797447963999997e-05,0.9906085674331713,1.0195,1.0195,0.9668,-204.323,-0.0454,-0.0408646,5000.0,0.029057597884890624,0.00084434399484,0.050142392523691966,0.021,0.0991,-0.0991,47.72849999999994,0.1831,0.009545699999999989,5000.0,1.7353822667612775,3.01155161178951,1.7354085202562537,4.6387,5.7373,-5.7373,47.970200000000204,-0.1831,0.009594040000000041,5000.0,2.439865622897392,5.952944257796479,2.439884485667303,10.8032,10.8032,-10.437,347.35579999999993,0.1221,0.06947115999999999,5000.0,1.1719437744176358,1.3734522103962543,1.1740010444918694,3.54,7.0801,-7.0801
240.14069999999998,0.0459,0.04802814,5000.0,0.017269837003874706,0.00029824727014040003,0.05103870592011518,0.1084,0.1084,-0.0005,4952.5113,0.9902,0.9905022600000001,5000.0,0.006653931235923618,4.427480089240001e-05,0.9905246094196751,1.0112,1.0112,0.96,-222.2928,-0.0454,-0.04445856,5000.0,0.032031921183819125,0.0010260439747264002,0.054796053982015896,0.0186,0.1152,-0.1152,-207.8203000000002,0.1221,-0.04156406000000004,5000.0,2.13242478209533,4.547235451294317,2.132829815615395,4.8828,9.0942,-9.0942,102.35479999999984,-0.1831,0.02047095999999997,5000.0,2.487570260967251,6.188005803248679,2.487654490368789,7.5684,7.5684,-5.9814,17.03279999999984,0.0,0.003406559999999968,5000.0,1.044576458358586,1.0911399773569666,1.0445820130597694,2.8076,3.3569,-3.3569
226.81779999999998,0.0444,0.043618807692307686,5200.0,0.01629166363398833,0.00026541830396301775,0.0465619875913984,0.0903,0.0903,-0.0073,5148.9726,0.9902,0.9901870384615384,5200.0,0.00583068584157439,3.399689738313605e-05,0.9902042052196179,1.0122,1.0122,0.9692,-261.8461,-0.0508,-0.050355019230769224,5200.0,0.03415410260579719,0.0011665027248073225,0.06084513691773947,0.0171,0.1265,-0.1265,-73.54880000000037,0.1221,-0.014144000000000071,5200.0,1.8703436108564897,3.4981852226716925,1.8703970903013327,5.7373,6.1035,-6.1035,-51.205699999999865,-0.061,-0.009847249999999974,5200.0,2.2644780182638407,5.12786069520013,2.2644994289097737,8.5449,8.5449,-7.6904,-1.1616000000000355,0.061,-0.00022338461538462222,5200.0,1.103967453979268,1.2187441394454674,1.1039674765798828,3.7231,4.5166,-4.5166
112.1083,0.0415,0.04003867857142857,2800.0,0.024766275176355632,0.0006133683861109692,0.04707933907625661,0.1899,0.1899,-0.0361,2776.9278,0.9912,0.9917599285714286,2800.0,0.009253685443141679,8.563069428061221e-05,0.9918030987117785,1.1099,1.1099,0.9189,-102.6735,-0.0396,-0.03666910714285714,2800.0,0.02459086312439655,0.0006047105492028061,0.04415126235859109,0.1382,0.1382,-0.0908,273.80859999999996,-0.061,0.0977887857142857,2800.0,1.7701141975255108,3.133304272281383,1.7728132780676191,5.249,10.0098,-10.0098,568.3000000000003,0.3662,0.20296428571428582,2800.0,3.2419224190907254,10.51006097140306,3.2482696120671033,11.5967,14.7095,-14.7095,589.6031999999999,0.0,0.2105725714285714,2800.0,1.47324329536346,2.170445807333387,1.4882159168519293,7.8735,8.728,-8.728
19.4574,0.04075,0.0194574,1000.0,0.04731889416755214,0.00223907774524,0.05116315236574072,0.0825,0.1016,-0.1016,989.1360999999999,0.9893,0.9891361,1000.0,0.011175360700666444,0.00012488868679,0.9891992281689266,1.0352,1.0352,0.9502,-48.322199999999995,-0.0469,-0.048322199999999996,1000.0,0.019712573833977138,0.00038858556716000006,0.0521883184247203,-0.0068,0.0918,-0.0918,666.9313,0.9155,0.6669313,1000.0,2.8845788641862975,8.32079522371031,2.9606743459269547,5.9204,6.2256,-6.2256,692.2014999999999,0.4883,0.6922014999999999,1000.0,4.0385339118877965,16.30975615746775,4.097425908307556,10.6812,10.6812,-8.4229,-403.50160000000005,-0.7324,-0.40350160000000007,1000.0,3.234608001816826,10.46268892541744,3.2596782765512304,6.5918,11.5967,-11.5967
15.192399999999997,0.0317,0.01266033333333333,1200.0,0.0478581826151205,0.0022904056432222226,0.049504441046570084,0.0879,0.0981,-0.0981,1188.5246,0.9888,0.9904371666666666,1200.0,0.017189858501615293,0.00029549123530555563,0.9905863275606018,1.0762,1.0762,0.9468,-62.9214,-0.0498,-0.0524345,1200.0,0.01649787541119563,0.00027217989308333336,0.05496868820822754,-0.021,0.1172,-0.1172,66.16269999999997,-0.1526,0.05513558333333331,1200.0,2.8515841413020753,8.131532114925493,2.85211711671786,9.4604,9.4604,-5.8594,-247.80180000000007,0.2441,-0.20650150000000006,1200.0,5.45860045475771,29.796318924681078,5.462505084133408,12.5122,12.8784,-12.8784,82.58169999999996,-0.3052,0.0688180833333333,1200.0,3.2649460073557104,10.659872430947994,3.2656711958710214,8.4229,8.4229,-5.9814
33.7442,0.0322,0.024103,1400.0,0.03161750743993406,0.0009996667767142855,0.03975702938744651,0.0742,0.0742,-0.0723,1386.0899,0.9883,0.9900642142857142,1400.0,0.02088383341137545,0.00043613449795408153,0.9902844454534985,1.0649,1.0649,0.9224,-66.4231,-0.04415,-0.047445071428571434,1400.0,0.020605165891675548,0.0004245728614234694,0.05172627634274203,-0.0083,0.104,-0.104,-348.08340000000004,-0.6714,-0.24863100000000002,1400.0,3.048556627808197,9.293697512953285,3.0586786178208207,8.5449,10.1318,-10.1318,-369.14269999999993,0.0,-0.2636733571428571,1400.0,4.23220107739428,17.911525959497304,4.240406772794833,12.207,12.207,-11.9629,-23.62169999999992,0.0,-0.016872642857142798,1400.0,2.038631623341329,4.156018895687302,2.0387014449801826,5.7373,6.0425,-6.0425
39.907399999999996,0.0308,0.024942124999999996,1600.0,0.03706650139255626,0.0013739255254843752,0.04467700890838598,0.0791,0.0801,-0.0801,1584.2003,0.9883,0.9901251875,1600.0,0.021361004115908123,0.00045629249683984375,0.9903555823131155,1.0615,1.0615,0.937,-107.678,-0.0649,-0.06729875,1600.0,0.019869029881639917,0.00039477834843749997,0.07017050733748474,-0.0146,0.1211,-0.1211,407.6503,0.061,0.2547814375,1600.0,3.433983658882812,11.792243769474183,3.443422331107346,10.498,10.9863,-10.9863,-309.6942999999999,-0.3052,-0.19355893749999992,1600.0,5.270922759477948,27.78262673638262,5.274475499864299,16.2354,16.2354,-13.6108,301.20610000000005,0.2441,0.18825381250000003,1600.0,2.3849710354211777,5.688086839797966,2.3923892529684108,6.3477,6.3477,-4.7607
176.7538,0.0439,0.044188450000000004,4000.0,0.033635548109069074,0.0011313500965975001,0.05553349628827632,0.2017,0.2017,-0.0566,3951.7824,0.9878,0.9879456,4000.0,0.010170038625295382,0.00010342968563999998,0.9879979444538334,1.0825,1.0825,0.9326,-311.97159999999997,-0.0791,-0.07799289999999999,4000.0,0.02336247107199921,0.00054580505459,0.08141681340484899,0.041,0.125,-0.125,-161.62059999999997,-0.061,-0.040405149999999994,4000.0,1.9013761114870138,3.6152311173334772,1.9018053773927552,5.9204,6.5918,-6.5918,578.7381,0.3662,0.144684525,4000.0,3.594017730861664,12.916963449748025,3.5969288374281887,12.3901,14.7095,-14.7095,-14.595899999999972,-0.3052,-0.003648974999999993,4000.0,1.9703489060288153,3.8822748114889496,1.9703522848738244,10.0708,10.0708,-4.7607
-7.9178,0.010499999999999999,-0.0024743125,3200.0,0.039266233062293404,0.0015418370589023438,0.03934411367981239,0.0679,0.0967,-0.0967,3163.9369,0.9883,0.9887302812500001,3200.0,0.008289135128039499,6.870976117089839e-05,0.9887650271029387,1.022,1.022,0.9517,-219.1882,-0.0654,-0.0684963125,3200.0,0.025401844645661933,0.0006452537114023438,0.07305476396170205,-0.0205,0.1318,-0.1318,-449.82879999999994,-0.1221,-0.1405715,3200.0,2.185037479539882,4.774388786994,2.189554551411371,6.0425,6.5918,-6.5918,649.8416,0.4272,0.2030755,3200.0,2.9895994144993323,8.93770465917475,2.996488664733274,11.1694,14.9536,-14.9536,320.12519999999995,-0.1221,0.10003912499999998,3200.0,2.2314494056779517,4.979366450100485,2.233690729853005,7.0801,7.7515,-7.7515
9.721900000000003,0.0054,0.0028593823529411773,3400.0,0.04250888786201741,0.001807005547265571,0.04260494824202797,0.1035,0.1035,-0.0889,3366.6508000000003,0.9897,0.9901914117647059,3400.0,0.008342070014364987,6.959013212456745e-05,0.9902265508784875,1.0327,1.0327,0.9692,-175.6355,-0.0503,-0.0516575,3400.0,0.021048749500022702,0.00044304985551470595,0.05578124381693819,0.0054,0.0923,-0.0923,-253.36110000000008,0.0,-0.07451797058823531,3400.0,1.9260854040676265,3.709804983762352,1.9275263712081714,7.3242,7.3242,-6.5308,-623.2948999999996,-0.1221,-0.1833220294117646,3400.0,2.548831287970095,6.496540934535293,2.555415406739762,7.1411,7.1411,-7.0801,693.9050000000003,-0.061,0.20408970588235303,3400.0,2.34339367425684,5.491493912546972,2.3522641264522393,8.667,8.667,-5.0659
-43.3126,-0.0171,-0.015468785714285716,2800.0,0.04656345582670503,0.0021681554185255104,0.0490656575417063,0.0786,0.124,-0.124,2768.7195,0.9883,0.9888283928571429,2800.0,0.01245952121253715,0.00015523966884566323,0.9889068865112052,1.0889,1.0889,0.9536,-168.7849,-0.0601,-0.060280321428571426,2800.0,0.030631613371708423,0.0009382957377538264,0.0676166613290372,0.0063,0.126,-0.126,750.8534999999998,0.2441,0.2681619642857142,2800.0,2.3815674199748007,5.671863375885428,2.3966172441537257,7.0801,8.667,-8.667,800.1099999999997,0.6104,0.28575357142857133,2800.0,3.1127147819516168,9.688993313780102,3.12580364344344,13.916,13.916,-8.728,-140.0139999999999,-0.6714,-0.050004999999999966,2800.0,2.862701600449802,8.195060453217856,2.8631383049449175,7.019,10.498,-10.498
58.965500000000006,0.02,0.01842671875,3200.0,0.05027529812674808,0.002527605601733399,0.05354577075386067,0.1372,0.1372,-0.0981,3168.0068,0.9902,0.9900021250000001,3200.0,0.009320621719304723,8.687398923437492e-05,0.9900459996857469,1.0298,1.0298,0.9575,-150.1359,-0.043,-0.046917468749999997,3200.0,0.020593660079446137,0.0004240988354677735,0.051238147013480104,-0.0078,0.0981,-0.0981,-450.00810000000007,0.09154999999999999,-0.14062753125000002,3200.0,2.2544706029759305,5.082637699682655,2.2588523197031107,5.4932,9.3384,-9.3384,-1381.3444,-0.1221,-0.43167012499999996,3200.0,3.067328855791303,9.408506309569985,3.097554746309983,10.1318,11.4746,-11.4746,900.4578999999997,0.4272,0.2813930937499999,3200.0,2.26529174314241,5.131546681549179,2.2827020731491388,5.6763,7.5073,-7.5073
216.1339,0.0796,0.07899630847953217,2736.0,0.029357985757659626,0.0008618913277469455,0.0842751925606839,0.1587,0.1587,0.0142,2706.3682,0.9893,0.98916966374269,2736.0,0.009417220176455644,8.868403585184326e-05,0.9892144902419688,1.0259,1.0259,0.9482,-110.0299,-0.0386,-0.0402156067251462,2736.0,0.024127660623465434,0.0005821440071611245,0.046898177271966004,0.0146,0.1035,-0.1035,192.9334999999998,-0.2441,0.070516630116959,2736.0,2.042743514377463,4.172801065531188,2.04396028842398,6.2866,6.2866,-5.249,361.7584999999997,-0.4272,0.13222167397660808,2736.0,3.482513310644702,12.127898958817523,3.4850224575871382,15.2588,15.2588,-7.5073,144.89789999999988,0.09154999999999999,0.05295975877192978,2736.0,1.8058600288669786,3.261130443859445,1.8066364271509154,7.3242,7.3242,-5.6152
231.799,0.0874,0.08278535714285715,2800.0,0.03175832207943329,0.0010085910213010203,0.08866795575951568,0.1489,0.1489,-0.0005,2765.244,0.9878,0.9875871428571429,2800.0,0.011013089892468497,0.00012128814897959179,0.9876485472503438,1.0356,1.0356,0.9438,-145.3496,-0.0547,-0.05191057142857143,2800.0,0.028106386075852904,0.000789968938244898,0.05903114740783644,0.0068,0.1221,-0.1221,-130.61600000000027,-0.3052,-0.046648571428571525,2800.0,2.3827057629895627,5.677286752983674,2.383162361695065,7.6294,7.6294,-5.8594,593.6251000000003,-0.1221,0.2120089642857144,2800.0,3.5737418396891294,12.771630736744644,3.5800249353436273,11.9019,11.9019,-8.0566,130.0057999999999,0.3052,0.04643064285714282,2800.0,2.0492858124296136,4.199572341025301,2.049811734189613,4.4556,6.3477,-6.3477
235.3902,0.09445,0.09807924999999999,2400.0,0.032650893343125646,0.0010660808361041667,0.1033712731694191,0.2095,0.2095,0.0186,2368.4761,0.9873,0.9868650416666666,2400.0,0.012571556470127206,0.0001580440320815972,0.9869451122001838,1.0415,1.0415,0.9268,-105.7106,-0.041,-0.04404608333333333,2400.0,0.021229567462850537,0.0004506945346597222,0.048895316663936914,0.0015,0.0918,-0.0918,39.982100000000145,-0.061,0.016659208333333394,2400.0,2.6451402888628057,6.9967671477652065,2.6451927485511337,8.1787,8.1787,-7.9956,-188.29330000000004,-0.3662,-0.07845554166666668,2400.0,3.8521575104146883,14.839117485044289,3.852956365839419,14.9536,14.9536,-10.498,347.5257000000001,0.2441,0.14480237500000004,2400.0,2.4007527749277986,5.763613886323526,2.405115717409282,9.2163,9.2163,-7.2632
260.6624,0.10765,0.10025476923076923,2600.0,0.03770044919576065,0.00142132386956213,0.10710902213668522,0.1699,0.1699,-0.0083,2564.5789000000004,0.9863,0.9863765000000002,2600.0,0.012339299851568685,0.00015225832082692298,0.9864536776114107,1.0366,1.0366,0.9131,-131.1223,-0.0483,-0.05043165384615384,2600.0,0.02209377361723,0.0004881348326494084,0.05505893698853705,-0.0034,0.1011,-0.1011,-228.27489999999995,-0.1221,-0.08779803846153844,2600.0,2.58954457162615,6.70574108843846,2.591032532407911,9.8877,11.2305,-11.2305,43.63949999999966,-0.7935,0.016784423076922943,2600.0,4.258669433517539,18.13626534397659,4.258702509078865,13.4888,13.4888,-10.0098,280.08900000000006,0.27465,0.10772653846153848,2600.0,2.848020171844675,8.11121889923417,2.850056825104208,8.0566,8.0566,-7.4463
-116.1044,0.0078,-0.048376833333333334,2400.0,0.16635768964785555,0.027674880904972228,0.17324895067022292,0.4077,2.4565,-2.4565,2315.0173999999997,0.9902,0.9645905833333333,2400.0,0.25226641864900107,0.06363834597799307,0.9970322659941018,10.8076,10.8076,0.4731,255.2244,0.0342,0.10634350000000001,2400.0,0.18965365898416864,0.03596851036608333,0.21743378384771153,3.3193,3.3193,-0.2808,2060.1786,0.5493,0.85840775,2400.0,18.278606793514285,334.10746631190653,18.298752148088315,86.9751,86.9751,-79.4067,-2161.1960999999988,0.3662,-0.9004983749999995,2400.0,19.914058976929503,396.56974493662653,19.934408500379543,50.5981,80.2002,-80.2002,3376.1593,0.4272,1.4067330416666666,2400.0,10.720567900415572,114.93057610742076,10.812468448875931,41.3818,41.3818,-40.2832
71.0686,0.0215,0.03230390909090909,2200.0,0.04899930373522863,0.0024009317665371903,0.05868964396800264,0.1504,0.1504,-0.085,2181.4660999999996,0.9912,0.9915754999999998,2200.0,0.01109496915989814,0.00012309834065909084,0.9916375701539898,1.041,1.041,0.9644,-5.082700000000003,-0.002,-0.002310318181818183,2200.0,0.022352633114948395,0.0004996402071714876,0.02247171059961229,0.0659,0.0659,-0.0601,537.593,0.2441,0.24436045454545452,2200.0,2.156971815860832,4.652527414417976,2.1707693212692214,9.3384,9.3384,-6.897,114.38220000000007,-0.2441,0.05199190909090912,2200.0,3.849931866385075,14.821975375807266,3.8502829161528096,11.7188,11.7188,-8.7891,-204.04180000000017,0.0,-0.0927462727272728,2200.0,2.884811478017981,8.322137263704288,2.886301982608385,7.2021,7.2021,-6.958
150.25279999999998,0.022,0.03954021052631578,3800.0,0.04639696421509419,0.0021526782883767312,0.060959876450351384,0.1694,0.1694,-0.0474,3765.8709,0.9917,0.9910186578947369,3800.0,0.00885462096361441,7.840431240927978e-05,0.9910582145403442,1.0205,1.0205,0.9609,-4.314300000000003,0.002,-0.0011353421052631586,3800.0,0.02453942318819413,0.0006021832904092798,0.024565673044011294,0.0596,0.0767,-0.0767,-142.82560000000012,0.0,-0.03758568421052635,3800.0,2.1601902644017517,4.6664219784161105,2.160517220962074,8.3008,8.4229,-8.4229,920.8409999999997,-0.1221,0.24232657894736834,3800.0,3.3561539108477763,11.263769073298823,3.3648909706204684,12.8174,12.8174,-9.8877,-492.9885000000002,0.0,-0.12973381578947374,3800.0,3.026683888040223,9.160815358122282,3.0294630252045622,8.9722,10.376,-10.376
163.3882,0.0273,0.04299689473684211,3800.0,0.05110900477709098,0.002612130369304709,0.06678969476136112,0.1836,0.1836,-0.0454,3765.7275,0.9912,0.9909809210526316,3800.0,0.008055021754623106,6.48833754674515e-05,0.9910136574567424,1.0171,1.0171,0.9604,-24.3335,-0.0054,-0.006403552631578948,3800.0,0.017339957521646156,0.0003006741268524931,0.018484577711105402,0.04,0.0527,-0.0527,601.3816999999999,0.061,0.15825834210526313,3800.0,1.6844593323609145,2.8374032423777775,1.6918773434335257,5.6763,5.6763,-5.3101,-173.8259999999999,0.0,-0.04574368421052629,3800.0,2.9451423223633695,8.6738632989759,2.9454975443243967,9.1553,9.1553,-7.2021,-239.74769999999984,0.1831,-0.06309149999999995,3800.0,2.5612851717548817,6.5601817310514345,2.5620621125225833,6.4087,8.4229,-8.4229
143.0726,0.0317,0.047690866666666665,3000.0,0.04769684800818137,0.0022749893099155553,0.06744930002107756,0.1826,0.1826,-0.0132,2972.0959,0.9912,0.9906986333333333,3000.0,0.00900264672928035,8.104764813222218e-05,0.9907395367787978,1.0249,1.0249,0.9536,-19.154899999999998,-0.00705,-0.006384966666666666,3000.0,0.02657010671159519,0.0007059705706655556,0.027326514047715637,0.0605,0.0698,-0.0698,-83.61629999999991,-0.1221,-0.02787209999999997,3000.0,1.823910406764796,3.3266491719049234,1.8241233581814946,6.4087,6.4087,-5.9204,-581.0572,-0.3662,-0.19368573333333333,3000.0,2.975524366021861,8.853745252789796,2.9818214929949556,12.9395,12.9395,-6.3477,436.7054000000003,0.3052,0.14556846666666676,3000.0,2.628916753425065,6.911203296438982,2.6329438799425002,6.2866,8.8501,-8.8501
157.1086,0.0464,0.05236953333333333,3000.0,0.04977665957503465,0.002477715838448889,0.0722515318868742,0.1768,0.1768,-0.0415,2971.1361,0.9902,0.9903787000000001,3000.0,0.010951873948172824,0.00011994354297666661,0.9904392525322624,1.0283,1.0283,0.9429,-32.323,-0.0083,-0.010774333333333334,3000.0,0.022255661779022037,0.0004953144812222223,0.02472651896244192,0.0278,0.0952,-0.0952,258.78150000000005,0.0,0.08626050000000002,3000.0,1.9693388675872292,3.8782955753897506,1.9712271429873323,7.0801,7.4463,-7.4463,831.0516999999998,-0.061,0.2770172333333333,3000.0,3.3931905711556607,11.513742252179679,3.404479519653971,13.916,13.916,-7.6904,-531.9838,0.1831,-0.17732793333333333,3000.0,2.7921477089294053,7.796088828479728,2.7977730473396156,6.8359,8.5449,-8.5449
50.6083,0.0024,0.01946473076923077,2600.0,0.05397789774104674,0.0029136134445428992,0.057380216002221006,0.1904,0.1904,-0.0903,2576.2824,0.9912,0.9908778461538462,2600.0,0.010739628340841606,0.00011533961689940823,0.990936045169104,1.0332,1.0332,0.9575,-31.154600000000006,-0.0059,-0.011982538461538463,2600.0,0.026618154065673024,0.0007085261258639054,0.029190877921812387,0.0361,0.0918,-0.0918,96.43499999999987,-0.1831,0.03709038461538457,2600.0,2.2931265434990395,5.258429344499852,2.293426484788813,8.0566,8.0566,-5.6152,609.1252000000001,0.3052,0.2342789230769231,2600.0,3.2261763274993664,10.4082136961173,3.2346715922818787,10.5591,10.5591,-8.3008,-957.8230000000001,-0.3052,-0.3683934615384616,2600.0,2.3471361668710595,5.509048185834171,2.375870772651253,6.2256,6.8359,-6.8359
-75.132,-0.0093,-0.026832857142857144,2800.0,0.04654353912944177,0.0021663010346938774,0.05372432649315259,0.0562,0.166,-0.166,2772.4892,0.9897,0.9901747142857142,2800.0,0.010616747379417452,0.00011271532491836732,0.990231629537107,1.0273,1.0273,0.9512,-21.151799999999998,0.0063,-0.007554214285714285,2800.0,0.0398410235914092,0.0015873071608112244,0.04055087316304933,0.0596,0.1035,-0.1035,107.30280000000016,-0.061,0.03832242857142863,2800.0,2.216247687372211,4.911753811782673,2.2165789903168998,6.7139,6.897,-6.897,-50.90689999999972,0.1221,-0.018181035714285615,2800.0,3.9946189750830965,15.956980756093929,3.9946603492854775,7.6294,13.1226,-13.1226,-226.7441,-0.1221,-0.08098003571428572,2800.0,2.682542141970533,7.196032343447855,2.683764168035661,9.9487,9.9487,-7.6294
-72.15570000000001,-0.0059,-0.02775219230769231,2600.0,0.052309383654089346,0.0027362716182707096,0.0592153341302221,0.0439,0.1953,-0.1953,2573.8787999999995,0.9902,0.9899533846153844,2600.0,0.009811778444129608,9.627099623668642e-05,0.9900020074260922,1.0215,1.0215,0.9536,-65.6148,-0.0176,-0.02523646153846154,2600.0,0.029642616563152098,0.0008786847167100592,0.038930241557076264,0.0205,0.0972,-0.0972,403.37950000000006,0.0,0.15514596153846155,2600.0,2.1088569457535336,4.447277617652921,2.1145561915055877,6.5918,6.5918,-5.8594,-202.20759999999973,0.4272,-0.07777215384615374,2600.0,4.216735454437379,17.780857892709207,4.2174525961323,9.3994,13.0615,-13.0615,97.41719999999975,0.0,0.03746815384615375,2600.0,3.112791521470667,9.68947105613967,3.1130170122715852,8.4839,9.8877,-9.8877
-129.1258,-0.0298,-0.03586827777777778,3600.0,0.04444684108673535,0.001975521682589506,0.057114403028774914,0.042,0.1548,-0.1548,3564.1494000000002,0.9907,0.9900415,3600.0,0.00924102928219819,8.539662219444438e-05,0.9900846268599692,1.0298,1.0298,0.9536,-68.1307,-0.0122,-0.018925194444444446,3600.0,0.030483035103625395,0.000929215429128858,0.03588005593486288,0.0415,0.0962,-0.0962,20.136299999999977,0.1221,0.005593416666666661,3600.0,2.038850857766451,4.156912820214993,2.038858530287229,5.3711,8.5449,-8.5449,-1746.1490999999996,0.1831,-0.48504141666666656,3600.0,3.995343822574208,15.962772260581882,4.024678550699905,8.4229,14.8315,-14.8315,418.2121000000002,-0.1221,0.11617002777777784,3600.0,2.4568794397215883,6.036256581326666,2.4596243730863776,6.7139,6.7139,-6.2256
-52.5904,-0.002,-0.021912666666666667,2400.0,0.04641147449236617,0.0021540249645555557,0.051324359957041835,0.0381,0.1699,-0.1699,2374.0168999999996,0.9893,0.9891737083333332,2400.0,0.00971741673053752,9.442818791493051e-05,0.989221438023779,1.0249,1.0249,0.958,-93.1635,-0.02855,-0.038818125,2400.0,0.03722605640745527,0.0013857792756510417,0.05378313959008592,0.0225,0.1157,-0.1157,-75.19560000000013,0.061,-0.031331500000000054,2400.0,1.8428948728086518,3.3962615122244166,1.8431611907580592,4.6997,6.1646,-6.1646,1604.2488999999996,0.7324,0.6684370416666665,2400.0,3.61857330362839,13.094072753732082,3.6797935855702786,9.8267,11.8408,-11.8408,-569.4617000000002,-0.3662,-0.23727570833333342,2400.0,2.430773016222908,5.908657456397415,2.4423261899595845,7.5684,7.5684,-7.4463
-138.4299,-0.0435,-0.0461433,3000.0,0.04675514519041371,0.0021860436017766666,0.0656905452608415,0.0337,0.1592,-0.1592,2967.9491,0.9897,0.9893163666666666,3000.0,0.009753290836031816,9.512668213222219e-05,0.9893644424764145,1.0205,1.0205,0.9551,-79.23230000000001,-0.022,-0.02641076666666667,3000.0,0.027058038868554797,0.0007321374674122222,0.0378109251848369,0.0347,0.0889,-0.0889,220.15250000000015,0.1831,0.07338416666666671,3000.0,1.9887246233619102,3.955025627565972,1.990078104870091,7.8735,7.8735,-7.3242,826.3576999999999,0.7324,0.2754525666666666,3000.0,3.808746566998135,14.506550411620077,3.818694086740038,9.8877,11.5356,-11.5356,-976.6832,-0.6104,-0.3255610666666667,3000.0,2.7585336690068143,7.609508003044196,2.777678529127036,7.0801,7.1411,-7.1411
-123.25989999999999,-0.021,-0.03625291176470588,3400.0,0.050205880517927876,0.0025206304385804496,0.06192660211896015,0.0557,0.1577,-0.1577,3365.0923999999995,0.9902,0.9897330588235292,3400.0,0.009334256392895179,8.712834240830453e-05,0.9897770739265425,1.0229,1.0229,0.9463,-28.9262,-0.0034,-0.008507705882352942,3400.0,0.035532331747901186,0.0012625465994429066,0.03653666184565209,0.082,0.0894,-0.0894,20.386000000000195,0.1221,0.005995882352941234,3400.0,2.9479441267343844,8.690374574347752,2.9479502243004276,7.8735,14.2212,-14.2212,-1905.7044999999994,-0.1831,-0.5605013235294116,3400.0,4.3821885958470315,19.203576889571778,4.417888480173532,15.1978,15.1978,-10.0098,967.4073000000001,-0.2441,0.28453155882352943,3400.0,2.734192518910438,7.475808730465805,2.7489574275409128,8.1787,8.1787,-5.4932
-99.22420000000001,-0.0156,-0.033074733333333335,3000.0,0.044048130738949136,0.0019402378215955557,0.05508335326272963,0.0371,0.1445,-0.1445,2968.6944999999996,0.9897,0.9895648333333332,3000.0,0.008077213214070528,6.524137330555556e-05,0.9895977974628548,1.0244,1.0244,0.9536,-89.51440000000001,-0.0176,-0.029838133333333336,3000.0,0.031078942053780118,0.0009659006391822222,0.04308381180907743,0.0347,0.0981,-0.0981,129.5813,0.061,0.04319376666666667,3000.0,1.8616789961818012,3.465848684824479,1.86218000910313,4.8828,5.9204,-5.9204,1961.3664,0.7324,0.6537888000000001,3000.0,2.471849283674316,6.110038881201227,2.556849365177125,7.8735,7.8735,-6.3477,-1080.5043,-0.4272,-0.36016810000000005,3000.0,1.9856520290152526,3.94281398033239,2.0180522888641907,5.127,7.2632,-7.2632
-123.392,-0.0234,-0.03856,3200.0,0.04480490751580679,0.0020074797375,0.059113055558818815,0.0347,0.1597,-0.1597,3165.408,0.9893,0.98919,3200.0,0.008795928745732312,7.736836250000002e-05,0.9892291061541305,1.0186,1.0186,0.9595,-87.3354,-0.0181,-0.027292312500000002,3200.0,0.02868724134353709,0.0008229578159023438,0.03959580959520843,0.0176,0.1074,-0.1074,-64.88009999999997,0.0,-0.020275031249999992,3200.0,2.002329367954592,4.009322897773437,2.0024320149921757,5.6152,6.2256,-6.2256,-236.81480000000022,0.4883,-0.07400462500000007,3200.0,4.021374661012682,16.17145416423486,4.022055550182798,8.9722,10.9863,-10.9863,-68.48059999999987,0.0,-0.02140018749999996,3200.0,2.304668163201584,5.311495342474965,2.304767517668539,6.1035,6.3477,-6.3477
-60.288000000000004,-0.0024,-0.016746666666666667,3600.0,0.043835623070740085,0.00192156185,0.04692560808816913,0.0767,0.1577,-0.1577,3564.6611000000003,0.9902,0.9901836388888889,3600.0,0.008969891401710926,8.04589517584876e-05,0.9902242663533347,1.0352,1.0352,0.9526,4.869900000000001,0.0103,0.0013527500000000004,3600.0,0.037321461180662825,0.0013928914646597222,0.03734596895546054,0.0674,0.0815,-0.0815,-349.48699999999997,-0.1221,-0.0970797222222222,3600.0,2.2379971319053538,5.00863116241659,2.2401017019062626,6.3477,8.5449,-8.5449,-1234.7431,-0.061,-0.34298419444444445,3600.0,3.365063477562524,11.323652208025186,3.3824976519820216,7.5073,9.5825,-9.5825,1132.4454000000005,0.1221,0.3145681666666668,3600.0,2.1188310902759504,4.489445189119972,2.1420546959870097,7.2021,7.2021,-5.4321
88.85079999999999,0.0356,0.0444254,2000.0,0.04076857962745329,0.0016620770848399997,0.06029671010925886,0.1631,0.1631,-0.04,1982.4436,0.9912,0.9912218,2000.0,0.009649760865430809,9.311788475999996e-05,0.9912687701526766,1.0234,1.0234,0.9585,23.4744,0.0068,0.0117372,2000.0,0.020095643711013588,0.00040383489615999994,0.02327223152170844,0.0674,0.0674,-0.0278,510.9253000000001,0.2441,0.25546265000000007,2000.0,1.59980911114732,2.559389192109978,1.6200772690384246,5.249,7.8735,-7.8735,1357.5445,0.39670000000000005,0.67877225,2000.0,3.3780539678304335,11.411248609574937,3.4455740272043207,10.8032,10.8032,-8.0566,-111.3970000000001,0.1831,-0.055698500000000054,2000.0,2.7537032078072157,7.58288135668775,2.754266450362056,5.7983,8.2397,-8.2397
76.51509999999999,0.0269,0.04250838888888888,1800.0,0.050727790560816846,0.0025733087351820986,0.06618362230273522,0.1865,0.1865,-0.0669,1782.0277999999998,0.9897,0.9900154444444443,1800.0,0.017925157532926922,0.0003213112725802468,0.9901777070360204,1.1289,1.1289,0.9365,31.2884,0.0161,0.017382444444444443,1800.0,0.015529684929987839,0.00024117111402469137,0.023309236128386725,0.0654,0.0654,-0.0215,163.8180999999999,0.061,0.0910100555555555,1800.0,1.8974969258924,3.600494583771108,1.8996782395930458,6.1035,7.6294,-7.6294,196.65449999999984,-0.6714,0.10925249999999992,1800.0,4.5828114674345155,21.0021609460493,4.5841135516919245,13.6108,16.5405,-16.5405,-409.1808,0.4272,-0.22732266666666665,1800.0,3.3650038477074915,11.323250895086224,3.3726734929231834,5.249,11.4746,-11.4746
56.08240000000001,0.0176,0.028041200000000002,2000.0,0.04718488966353529,0.0022264138125599998,0.05488827479526024,0.1802,0.1802,-0.1123,1982.6839,0.9917,0.99134195,2000.0,0.01213042518617958,0.0001471472151974999,0.9914161633970873,1.0381,1.0381,0.9438,17.106299999999997,0.0068,0.008553149999999999,2000.0,0.015978729614005614,0.00025531980007749997,0.018123911691464403,0.0576,0.0576,-0.0376,-330.7449999999999,0.061,-0.16537249999999995,2000.0,2.333413311353938,5.444817681603749,2.3392660698090757,6.0425,12.3291,-12.3291,76.29559999999992,-0.3662,0.03814779999999996,2000.0,3.8396986959311223,14.74328607553516,3.8398881924061277,13.4277,13.4277,-11.2915,141.2953000000001,0.3662,0.07064765000000006,2000.0,2.4567161293003466,6.035454139964478,2.4577317246630073,5.6763,9.8267,-9.8267
120.1894,0.0591,0.0600947,2000.0,0.06294392045233599,0.00396193712191,0.08702476710684148,0.2837,0.2837,-0.0723,1978.1210999999998,0.9897,0.9890605499999999,2000.0,0.02609719043685546,0.0006810633486975001,0.9894047882009669,1.2778,1.2778,0.8696,10.741399999999997,0.0098,0.005370699999999998,2000.0,0.022849074412544593,0.00052208020151,0.023471783485708962,0.0835,0.0835,-0.0796,494.0181999999999,-0.2441,0.24700909999999995,2000.0,2.2720747746095835,5.162323781417189,2.285462158273464,11.5356,11.5356,-5.249,0.12229999999954089,-0.4883,6.114999999977044e-05,2000.0,4.513124800250451,20.368295462635675,4.513124800664723,20.2637,20.2637,-8.7891,532.1646000000001,0.9766,0.26608230000000005,2000.0,3.7740787731745495,14.243670586126711,3.783446890931601,9.1553,17.395,-17.395
-30.56299999999999,-0.0181,-0.015281499999999996,2000.0,0.052679634943211213,0.00277514393775,0.054851327969339086,0.0986,0.1909,-0.1909,1981.7703000000001,0.9912,0.9908851500000001,2000.0,0.008480789731947134,7.192379447749994e-05,0.9909214420351393,1.0308,1.0308,0.9551,3.848300000000002,0.0029,0.001924150000000001,2000.0,0.015226780742412363,0.0002318548517775,0.015347872979667249,0.0542,0.0542,-0.041,209.52930000000003,0.1831,0.10476465000000001,2000.0,1.7384375630103537,3.0221651604853776,1.741591453922245,5.249,7.9346,-7.9346,225.3443000000001,0.4883,0.11267215000000004,2000.0,5.6171079563205275,31.551901792959377,5.61823787377724,12.5732,17.395,-17.395,-1935.4244,-0.7324,-0.9677122,2000.0,2.3892407223616376,5.70847122939116,2.5777777505867334,7.6294,7.6294,-6.5918
-58.0216,-0.0435,-0.04835133333333333,1200.0,0.04573933462082232,0.0020920867315555552,0.06655778066211843,0.0283,0.2241,-0.2241,1187.3363,0.9897,0.9894469166666666,1200.0,0.014699610782592933,0.00021607855715972244,0.9895561022288395,1.0938,1.0938,0.938,27.7576,0.0239,0.023131333333333334,1200.0,0.01494526574612249,0.0002233609682222222,0.027539418112952203,0.0859,0.0859,-0.0347,172.30179999999996,0.0,0.1435848333333333,1200.0,1.8489330438219334,3.418553400536639,1.8544999339174968,6.897,6.897,-5.6763,-1662.5351,0.6104,-1.3854459166666666,1200.0,6.222322864287366,38.71730182743333,6.374697029305916,7.2632,25.0244,-25.0244,887.1488,-0.4272,0.7392906666666668,1200.0,3.35724640371335,11.271103415246222,3.437681501399841,9.3384,9.3384,-5.8594
-47.3479,-0.0156,-0.029592437500000002,1600.0,0.04947079604735094,0.0024473596615585936,0.057646092831604816,0.0752,0.1641,-0.1641,1584.1008000000002,0.9907,0.9900630000000001,1600.0,0.011198155807989099,0.00012539869349999997,0.990126326618225,1.0327,1.0327,0.9551,2.4754999999999994,0.0039,0.0015471874999999995,1600.0,0.025162675078175684,0.0006331602170898437,0.025210196473847642,0.0664,0.082,-0.082,-96.06729999999988,-0.061,-0.060042062499999924,1600.0,2.3729514917370302,5.630898782136996,2.3737109831245777,6.7139,6.7139,-6.5308,526.6718999999998,1.1597,0.3291699374999999,1600.0,6.964625605249898,48.506009821302506,6.972400065189623,15.4419,19.7144,-19.7144,-249.14620000000014,-0.3662,-0.15571637500000007,1600.0,3.0052483350372823,9.031517555244358,3.0092798382150336,8.1177,8.1177,-7.3853
-50.9834,-0.0308,-0.03641671428571429,1400.0,0.03681144221265326,0.0013550822777755104,0.05178087829636397,0.0518,0.2085,-0.2085,1386.8984,0.9912,0.9906417142857143,1400.0,0.00970380131280352,9.416375991836733e-05,0.9906892397936182,1.0249,1.0249,0.9443,-6.637600000000001,-0.0015,-0.004741142857142858,1400.0,0.016754478509414996,0.00028071255012244897,0.01741238024264017,0.0391,0.0742,-0.0742,-21.975799999999936,-0.061,-0.015696999999999954,1400.0,1.822225413739122,3.3205054584767146,1.822293020972674,4.5166,7.019,-7.019,963.9288000000006,1.4648,0.6885205714285718,1400.0,6.4118080477644375,41.11128244137681,6.448669864294275,14.4653,23.0103,-23.0103,117.06280000000012,-0.1221,0.0836162857142858,1400.0,2.7110448482838136,7.349764169406205,2.712334023058896,10.6201,10.6201,-6.2866
-40.3161,-0.0215,-0.022397833333333332,1800.0,0.06897276677368153,0.004757242556416666,0.07251831144231397,0.1655,0.2056,-0.2056,1782.9427,0.99095,0.9905237222222223,1800.0,0.01808348566849985,0.0003270124539228394,0.9906887789507303,1.0913,1.0913,0.9185,-7.1371,0.0,-0.003965055555555556,1800.0,0.025030002574626363,0.0006265010288858024,0.02534211306194581,0.103,0.103,-0.0659,461.1203999999999,0.061,0.25617799999999996,1800.0,2.3175567892537177,5.371069471416001,2.331672498250987,12.6343,13.7939,-13.7939,-1021.3041999999999,0.8545,-0.5673912222222222,1800.0,6.807605005056286,46.34348590486739,6.831209168509059,16.6016,25.8179,-25.8179,158.81099999999975,-0.1831,0.0882283333333332,1800.0,3.723613676628525,13.865298812775,3.7246587832414635,10.1929,10.1929,-8.3008
-36.7121,-0.0161,-0.0229450625,1600.0,0.054733474109735565,0.0029957531881210932,0.059348370502061806,0.1299,0.2354,-0.2354,1584.7768999999998,0.9902,0.9904855624999999,1600.0,0.015895656177352155,0.00025267188530859373,0.9906131037929238,1.1406,1.1406,0.9326,-23.7286,-0.0117,-0.014830375,1600.0,0.019037674880598602,0.00036243306485937504,0.024132407412025846,0.0254,0.0864,-0.0864,-105.46729999999994,-0.3662,-0.06591706249999996,1600.0,1.9037453950410808,3.624246529140121,1.90488624024343,6.7139,7.019,-7.019,561.6481999999999,0.3052,0.3510301249999999,1600.0,7.385835073126802,54.550559727429984,7.394172156238148,24.9023,24.9023,-21.9727,225.4644,-0.061,0.14091525000000002,1600.0,3.7933674633025523,14.389636711642439,3.795983906620917,11.8408,11.8408,-11.6577
