ax_left__sum_values,ax_left__median,ax_left__mean,ax_left__length,ax_left__standard_deviation,ax_left__variance,ax_left__root_mean_square,ax_left__maximum,ax_left__absolute_maximum,ax_left__minimum,ax_right__sum_values,ax_right__median,ax_right__mean,ax_right__length,ax_right__standard_deviation,ax_right__variance,ax_right__root_mean_square,ax_right__maximum,ax_right__absolute_maximum,ax_right__minimum,ay_left__sum_values,ay_left__median,ay_left__mean,ay_left__length,ay_left__standard_deviation,ay_left__variance,ay_left__root_mean_square,ay_left__maximum,ay_left__absolute_maximum,ay_left__minimum,ay_right__sum_values,ay_right__median,ay_right__mean,ay_right__length,ay_right__standard_deviation,ay_right__variance,ay_right__root_mean_square,ay_right__maximum,ay_right__absolute_maximum,ay_right__minimum,az_left__sum_values,az_left__median,az_left__mean,az_left__length,az_left__standard_deviation,az_left__variance,az_left__root_mean_square,az_left__maximum,az_left__absolute_maximum,az_left__minimum,az_right__sum_values,az_right__median,az_right__mean,az_right__length,az_right__standard_deviation,az_right__variance,az_right__root_mean_square,az_right__maximum,az_right__absolute_maximum,az_right__minimum,wx_left__sum_values,wx_left__median,wx_left__mean,wx_left__length,wx_left__standard_deviation,wx_left__variance,wx_left__root_mean_square,wx_left__maximum,wx_left__absolute_maximum,wx_left__minimum,wx_right__sum_values,wx_right__median,wx_right__mean,wx_right__length,wx_right__standard_deviation,wx_right__variance,wx_right__root_mean_square,wx_right__maximum,wx_right__absolute_maximum,wx_right__minimum,wy_left__sum_values,wy_left__median,wy_left__mean,wy_left__length,wy_left__standard_deviation,wy_left__variance,wy_left__root_mean_square,wy_left__maximum,wy_left__absolute_maximum,wy_left__minimum,wy_right__sum_values,wy_right__median,wy_right__mean,wy_right__length,wy_right__standard_deviation,wy_right__variance,wy_right__root_mean_square,wy_right__maximum,wy_right__absolute_maximum,wy_right__minimum,wz_left__sum_values,wz_left__median,wz_left__mean,wz_left__length,wz_left__standard_deviation,wz_left__variance,wz_left__root_mean_square,wz_left__maximum,wz_left__absolute_maximum,wz_left__minimum,wz_right__sum_values,wz_right__median,wz_right__mean,wz_right__length,wz_right__standard_deviation,wz_right__variance,wz_right__root_mean_square,wz_right__maximum,wz_right__absolute_maximum,wz_right__minimum
132.582,0.356,0.3777264957264957,351.0,0.14910891775798163,0.02223346935495653,0.4060920769096277,0.701,0.701,0.06,183.96699999999998,0.48,0.5241225071225071,351.0,0.16169372169592602,0.026144859635879578,0.5484972762997662,1.13,1.13,0.206,-95.424,-0.422,-0.2718632478632479,351.0,0.6165395790408953,0.3801210525239243,0.673817985855734,0.64,1.078,-1.078,49.259000000000015,0.277,0.1403390313390314,351.0,0.6849192575269405,0.46911438933125543,0.6991490778427968,1.015,1.015,-0.848,517.375,1.324,1.474002849002849,351.0,0.3058767371662342,0.09356057833946152,1.505405253480928,2.125,2.125,1.012,560.2460000000001,1.57,1.5961424501424504,351.0,0.19104981284996905,0.036500030990008196,1.6075356145780262,1.994,1.994,1.229,-294.31399999999985,-2.319,-0.8385014245014241,351.0,39.11560603108142,1530.030635178773,39.12459226391585,81.238,81.238,-80.078,1312.263,3.723,3.7386410256410256,351.0,35.21062948825903,1239.7884289594563,35.408556390766094,72.754,89.905,-89.905,1470.4529999999997,2.502,4.189324786324786,351.0,21.592908960621617,466.2537173816934,21.995548630279913,84.595,84.595,-60.73,1615.719,2.502,4.603188034188034,351.0,15.614645273184344,243.81714700737817,16.279019844126676,68.787,68.787,-31.189,-486.03000000000065,-5.249,-1.3847008547008566,351.0,23.588888705805953,556.4356703748996,23.62949569567469,54.26,54.26,-48.096,266.47199999999975,5.981,0.7591794871794865,351.0,35.59286208906824,1266.8518316914312,35.60095764421492,58.472,82.764,-82.764
114.58,0.3755,0.38193333333333335,300.0,0.11968153111022975,0.01432366888888889,0.4002458494475614,0.66,0.66,0.113,178.83800000000002,0.6025,0.5961266666666667,300.0,0.17146164961555949,0.029399097288888888,0.6202951716723257,0.986,0.986,0.229,-92.822,-0.5275000000000001,-0.30940666666666666,300.0,0.6197273389340043,0.38406197462222225,0.6926719714265909,0.658,1.12,-1.12,53.630999999999986,0.351,0.17876999999999996,300.0,0.6697610845916127,0.4485799104333333,0.6932089319486104,1.022,1.022,-0.842,457.891,1.3725,1.5263033333333333,300.0,0.36621244925437596,0.13411155798888888,1.5696220638527396,2.157,2.157,1.014,512.982,1.6395,1.7099399999999998,300.0,0.2131097129023765,0.04541574973333334,1.7231687535854792,2.148,2.148,1.29,483.154,0.244,1.6105133333333332,300.0,46.74982113858642,2185.545776489822,46.77755369497925,93.14,94.604,-94.604,-281.6700000000003,-0.183,-0.938900000000001,300.0,36.97835185713392,1367.39850607,36.990269521591756,73.914,73.914,-70.435,128.46199999999988,0.5185,0.42820666666666624,300.0,16.552560731116163,273.98726675728886,16.55809855347729,45.288,52.002,-52.002,31.12099999999998,-0.6100000000000001,0.1037366666666666,300.0,13.296477936932105,176.79632552732224,13.296882597937508,39.978,39.978,-35.156,-938.1099999999997,-3.7535,-3.1270333333333324,300.0,24.197385311479877,585.5134559122222,24.398602283327623,67.078,67.078,-46.875,107.60500000000025,6.317,0.35868333333333413,300.0,37.833147686251564,1431.347063849722,37.83484792599718,63.354,75.989,-75.989
92.804,0.3635,0.3682698412698413,252.0,0.11304023112306413,0.012778093852355756,0.38522820488805054,0.646,0.646,0.092,153.015,0.661,0.6072023809523809,252.0,0.19830600730692352,0.039325272534013606,0.6387644354284715,0.936,0.936,0.211,-46.393,-0.2005,-0.18409920634920635,252.0,0.6265327570954736,0.3925432957136558,0.6530205306818947,0.636,1.081,-1.081,22.811000000000007,0.0095,0.09051984126984129,252.0,0.650070945153918,0.4225922337333082,0.656342955623678,1.012,1.012,-0.717,361.857,1.2755,1.4359404761904764,252.0,0.3304301435859771,0.10918407979024944,1.473468401748874,2.055,2.055,0.978,420.99099999999993,1.6125,1.6705992063492061,252.0,0.21095397940769345,0.04450158142794155,1.6838655794577368,2.087,2.087,1.379,1573.6769999999997,2.8385,6.244749999999999,252.0,51.44013570998917,2646.0875618621035,51.81780065213694,113.403,113.403,-82.825,-1097.5290000000005,-4.028,-4.355273809523811,252.0,36.22515659644459,1312.261970436933,36.486029934659335,56.824,80.811,-80.811,-184.62599999999998,-0.9155,-0.732642857142857,252.0,15.854471030287536,251.36425165022675,15.871389895228118,59.814,59.814,-34.363,-219.296,-0.488,-0.8702222222222222,252.0,11.212299991944,125.71567110934744,11.246019643651563,32.532,32.532,-30.334,-781.2520000000004,-3.357,-3.100206349206351,252.0,24.299916434573625,590.4859387272613,24.49688180432197,61.401,61.401,-44.434,-1460.7520000000009,-1.4954999999999998,-5.796634920634924,252.0,39.785471745968486,1582.8837620492566,40.20553119226732,53.223,94.238,-94.238
103.24600000000001,0.3445,0.34415333333333337,300.0,0.08527897252872807,0.007272503155555557,0.35456172946329106,0.687,0.687,0.148,174.963,0.5725,0.58321,300.0,0.2059357486369636,0.04240953256666666,0.6185009593094151,1.043,1.043,0.033,-92.913,-0.489,-0.30971,300.0,0.6081725132723445,0.3698738059,0.6824910915169516,0.667,1.054,-1.054,58.818,0.3755,0.19605999999999998,300.0,0.676017783099429,0.4570000430666666,0.7038746810808488,1.027,1.027,-0.848,445.796,1.2894999999999999,1.4859866666666666,300.0,0.37627635210780325,0.14158389315555553,1.5328862536622432,2.116,2.116,0.897,518.677,1.7025000000000001,1.7289233333333334,300.0,0.19872120534949347,0.03949011745555555,1.740306297753358,2.103,2.103,1.369,-577.5699999999997,-0.366,-1.9252333333333325,300.0,49.21060364073535,2421.683510685555,49.24824904576135,101.379,101.379,-71.533,450.0689999999995,0.061,1.5002299999999984,300.0,38.238442153463396,1462.1784583237666,38.26786051475398,64.209,80.139,-80.139,633.062,0.488,2.1102066666666666,300.0,12.904417798979628,166.52399873062222,13.07581626158255,51.331,51.331,-30.334,364.9240000000001,0.305,1.2164133333333336,300.0,12.238750011438622,149.78700184248888,12.299051314633987,37.17,39.185,-39.185,-816.713,-3.2655,-2.7223766666666664,300.0,18.619301647165024,346.6783938281222,18.81727208028128,37.842,41.382,-41.382,503.1790000000001,3.418,1.6772633333333336,300.0,39.88411806321729,1590.7428736806555,39.9193698092793,58.96,75.806,-75.806
115.199,0.412,0.38272093023255815,301.0,0.11494251861335378,0.01321178258518118,0.3996086748598631,0.635,0.635,0.094,177.466,0.616,0.5895880398671096,301.0,0.18254118833389513,0.03332128543835057,0.617199596721102,1.212,1.212,0.244,-76.29,-0.35,-0.25345514950166115,301.0,0.6054659682311693,0.36658903868610726,0.6563753129841315,0.604,1.027,-1.027,47.634999999999984,0.232,0.1582558139534883,301.0,0.653473513031431,0.4270276322336398,0.6723633949611779,1.032,1.032,-0.763,439.51599999999996,1.286,1.4601860465116279,301.0,0.34003826041026874,0.11562601854284173,1.4992562519363057,2.114,2.114,1.022,498.3950000000001,1.613,1.6557973421926913,301.0,0.19938880562080094,0.03975589580688954,1.6677591955133297,2.104,2.104,1.28,774.7180000000008,2.258,2.573813953488375,301.0,44.32269976491094,1964.5017144504363,44.397367407511986,83.252,83.252,-79.163,-794.1850000000004,1.099,-2.6384883720930246,301.0,35.38668752629655,1252.2176540837518,35.48491616128495,67.505,76.05,-76.05,-165.65200000000002,-1.77,-0.5503388704318938,301.0,13.313624399187546,177.25259464264192,13.324994090615956,44.983,44.983,-30.884,-181.7609999999999,-2.563,-0.6038571428571425,301.0,15.316092996169079,234.58270466729954,15.327992305461244,59.387,59.387,-49.438,188.66599999999994,-2.502,0.6267973421926908,301.0,20.011642757885443,400.4658458692289,20.0214565098898,54.199,54.199,-32.837,415.66100000000006,1.953,1.3809335548172759,301.0,35.051513187873994,1228.6085767597046,35.078705139194135,63.66,72.388,-72.388
126.453,0.435,0.420109634551495,301.0,0.10899351350841772,0.011879585986909637,0.43401807684692156,0.762,0.762,0.167,196.344,0.725,0.6523056478405316,301.0,0.1975291044655421,0.03901774711095904,0.6815573382450039,1.102,1.102,0.238,-78.58999999999997,-0.319,-0.2610963455149501,301.0,0.5815710541711714,0.3382248910497676,0.6374921118657312,0.527,1.048,-1.048,48.870000000000005,0.173,0.162358803986711,301.0,0.6277856492671778,0.39411482142581206,0.6484405930058723,1.009,1.009,-0.651,443.68100000000004,1.281,1.4740232558139537,301.0,0.35368607078660796,0.12509383666846946,1.515862261338027,2.131,2.131,0.986,518.008,1.724,1.7209568106312294,301.0,0.1736623144599371,0.030158599463582077,1.7296967779127053,2.089,2.089,1.318,-388.799,-1.648,-1.2916910299003321,301.0,47.73681582521452,2278.803585130451,47.75428829798614,89.966,92.896,-92.896,102.6579999999999,4.517,0.3410564784053153,301.0,34.725493649423406,1205.8599091961455,34.72716845234589,67.932,67.932,-64.514,1109.682,3.418,3.6866511627906977,301.0,16.76866995801112,281.18829216070463,17.16914933701756,81.726,81.726,-52.551,191.83900000000006,-0.183,0.6373388704318939,301.0,13.249945358056355,175.56105199147913,13.26526489849496,55.725,55.725,-28.87,-316.08799999999997,-1.526,-1.050126245847176,301.0,19.73983650926809,389.66114541263346,19.767749253388725,48.157,48.157,-44.617,-422.0599999999995,-1.343,-1.4021926910298987,301.0,35.681648128305945,1273.1800131522389,35.70918869835909,74.219,76.965,-76.965
107.261,0.322,0.3563488372093023,301.0,0.11078335345304548,0.012272951402302402,0.3731721388082506,0.625,0.625,0.162,173.685,0.58,0.5770265780730897,301.0,0.16785088489307037,0.02817391955938676,0.6009439169857086,0.918,0.918,0.225,-47.134,-0.173,-0.15659136212624586,301.0,0.6415666993328355,0.41160782969282894,0.6604003970209149,0.714,1.002,-1.002,30.956999999999994,0.091,0.1028471760797342,301.0,0.6710863731044195,0.45035692016644413,0.678921543180079,1.092,1.092,-0.8,430.53599999999994,1.277,1.4303521594684383,301.0,0.3115354358832255,0.09705432781095133,1.4638857974264854,2.002,2.002,0.958,493.165,1.612,1.638421926910299,301.0,0.1918602881016284,0.03681037015043984,1.649617161868443,2.046,2.046,1.237,-485.0400000000009,3.296,-1.6114285714285743,301.0,46.13921991334135,2128.827614211675,46.16735119380894,71.594,103.882,-103.882,395.0730000000003,-3.174,1.3125348837209312,301.0,36.20241376549523,1310.6147624481187,36.22619922471999,82.214,82.214,-73.059,6.4090000000001055,0.305,0.021292358803987062,301.0,19.023620930915445,361.8981533231642,19.023632846743748,90.088,90.088,-60.425,436.8950000000001,0.732,1.451478405315615,301.0,13.663290516000044,186.68550772461674,13.740170933642503,33.936,35.828,-35.828,722.288,-1.099,2.399627906976744,301.0,21.336267658825783,455.23631760905505,21.470783211168538,43.823,43.823,-34.363,-228.08000000000038,-2.747,-0.7577408637873767,301.0,35.87157684242615,1286.7700251620843,35.87957909979906,65.247,65.247,-58.838
139.034,0.3825,0.39724,350.0,0.11812750786453473,0.013954108114285714,0.4144318106930086,0.645,0.645,0.171,224.692,0.704,0.6419771428571429,350.0,0.2124633603178464,0.04514067947755103,0.6762213627419437,1.119,1.119,0.243,-106.07899999999998,-0.4075,-0.3030828571428571,350.0,0.5714011065471131,0.3264992245632653,0.6468063410767885,0.535,1.136,-1.136,88.489,0.3165,0.2528257142857143,350.0,0.5853123619513441,0.34259056105306124,0.6375824674951021,0.985,0.985,-0.583,512.6379999999999,1.2734999999999999,1.4646799999999998,350.0,0.3426503430612612,0.11740925759999998,1.5042262994642794,2.075,2.075,1.008,587.371,1.601,1.678202857142857,350.0,0.1528342201503956,0.02335829884897959,1.6851478061497835,2.049,2.049,1.471,-459.59700000000066,-1.343,-1.3131342857142876,350.0,37.57897083250869,1412.1790488305387,37.6019064740454,93.445,93.445,-83.252,-544.0059999999994,1.5565,-1.5543028571428554,350.0,26.65813898905372,710.6563743597061,26.703412361183887,57.373,79.346,-79.346,838.919,2.319,2.3969114285714284,350.0,16.235845232804593,263.6026704235837,16.411820582129213,55.542,70.618,-70.618,-40.27899999999997,-0.854,-0.11508285714285706,350.0,13.068090412319746,170.77498702456327,13.068597135445389,37.598,40.039,-40.039,221.4930000000004,-1.1905000000000001,0.632837142857144,350.0,19.547944432944288,382.1221315534775,19.55818535557062,60.608,60.608,-39.368,692.9940000000006,0.6405000000000001,1.9799828571428588,350.0,30.728017211096134,944.2110417254203,30.791741974756803,62.5,62.5,-55.664
131.687,0.396,0.3751766381766382,351.0,0.11328298339124054,0.01283303432602008,0.39190629512619996,0.629,0.629,0.093,214.757,0.653,0.6118433048433048,351.0,0.16742562563416788,0.028031340118992536,0.6343371105339572,0.905,0.905,0.231,-88.11599999999999,-0.418,-0.251042735042735,351.0,0.6103125077762007,0.3724813571480751,0.6599271262539614,0.74,1.008,-1.008,55.53000000000001,0.341,0.15820512820512822,351.0,0.6462464870504006,0.4176345220249835,0.665329530845719,0.981,0.981,-0.764,503.61,1.311,1.4347863247863248,351.0,0.29086343107974966,0.08460153553948427,1.4639717665765735,1.976,1.976,0.972,579.3040000000001,1.683,1.6504387464387467,351.0,0.13534554735258997,0.018318417188172176,1.6559790073954659,2.073,2.073,1.383,-1525.6900000000014,1.343,-4.34669515669516,351.0,43.58742523408213,1899.8636385367001,43.803623107249216,79.224,99.121,-99.121,1517.4590000000003,0.916,4.323245014245015,351.0,35.384609806032245,1252.0706111251532,35.64773567252691,73.486,73.486,-68.42,1009.646,3.113,2.87648433048433,351.0,15.77255228825227,248.77340568565188,16.03270307182085,42.114,68.115,-68.115,311.15599999999995,0.671,0.8864843304843303,351.0,13.671277825768724,186.9038373893556,13.699988753920561,34.607,47.241,-47.241,-801.337,-2.93,-2.283011396011396,351.0,19.042881010930337,362.6313171964513,19.179245507338635,31.494,52.002,-52.002,1540.583,1.465,4.389125356125357,351.0,34.10226550805689,1162.9645127820068,34.38355615950435,80.383,80.383,-59.143
140.485,0.379,0.40024216524216527,351.0,0.12810544107905084,0.016411004034058166,0.42024373269781773,0.725,0.725,0.145,234.543,0.678,0.6682136752136753,351.0,0.16782478801150977,0.028165159471108193,0.6889663817732149,0.955,0.955,0.258,-47.625,-0.077,-0.13568376068376067,351.0,0.606371408138675,0.3676862846080795,0.6213665323473477,0.635,1.029,-1.029,13.819000000000003,-0.045,0.039370370370370375,351.0,0.6083793422523073,0.37012542407935,0.6096519089959861,1.018,1.018,-0.695,498.26300000000003,1.262,1.4195527065527067,351.0,0.30737857155852344,0.09448158625335831,1.4524501619451433,2.08,2.08,0.95,581.682,1.636,1.6572136752136752,351.0,0.13131282080210457,0.017243056907005627,1.6624079590227612,2.019,2.019,1.368,249.94199999999955,1.282,0.7120854700854689,351.0,35.567808260719794,1265.0689844713274,35.57493570181167,71.899,106.506,-106.506,427.98299999999995,0.793,1.2193247863247862,351.0,29.427097386707455,865.9540606067646,29.452348183825862,71.228,71.228,-67.261,481.3810000000003,4.089,1.3714558404558415,351.0,17.972026671024178,322.99374266400434,18.024279008779374,55.359,75.684,-75.684,422.8570000000001,1.465,1.2047207977207979,351.0,13.437757962396452,180.57333905594925,13.491652651043543,50.354,50.354,-33.691,-209.83100000000036,0.061,-0.5978091168091179,351.0,21.772845448355607,474.0567989179795,21.781050816205347,38.879,59.143,-59.143,-149.23100000000022,0.122,-0.42515954415954477,351.0,29.544836368910794,872.8973560657139,29.547895300743566,54.749,54.749,-50.659
153.46,0.427,0.4372079772079772,351.0,0.10698086494055692,0.011444905463429682,0.4501063438763342,0.725,0.725,0.235,223.94,0.669,0.638005698005698,351.0,0.17925593275041746,0.03213268942622219,0.6627095593953358,0.984,0.984,0.168,-83.102,-0.382,-0.23675783475783477,351.0,0.6010654510107286,0.36127967639873054,0.6460138920471824,0.62,1.036,-1.036,51.562000000000026,0.236,0.14690028490028498,351.0,0.6392563154013776,0.40864863678054564,0.6559179296865809,1.01,1.01,-0.75,528.6129999999999,1.295,1.5060199430199428,351.0,0.36882280143930257,0.13603025886153522,1.5505245330646424,2.174,2.174,1.025,600.534,1.686,1.710923076923077,351.0,0.20183818321243965,0.04073865220249836,1.7227874005083816,2.104,2.104,1.385,-359.37900000000013,-1.404,-1.0238717948717952,351.0,41.8744864470012,1753.4726152000876,41.887001905751404,79.529,100.281,-100.281,-62.865999999999985,1.099,-0.17910541310541306,351.0,30.907845355811293,955.2949045387456,30.908364293306583,56.641,59.814,-59.814,-844.4299999999998,-2.502,-2.4057834757834753,351.0,18.410759952926586,338.9560820442853,18.56727971935141,46.875,63.843,-63.843,-698.357,-1.343,-1.9896210826210825,351.0,12.259474367064294,150.2947117567065,12.419875354008864,26.794,52.124,-52.124,-1041.1910000000003,-0.916,-2.966356125356126,351.0,20.094803727165107,403.80113683328864,20.312567673628227,41.565,46.021,-46.021,365.91299999999956,1.892,1.0424871794871782,351.0,32.377266438997,1048.2873820618015,32.39404515618876,57.861,78.43,-78.43
154.28199999999998,0.534,0.5125647840531561,301.0,0.07158894258219227,0.005124976700036422,0.5175399835292873,0.632,0.632,0.287,216.103,0.777,0.7179501661129568,301.0,0.14538104649291256,0.0211356486793744,0.7325217332618853,0.891,0.891,0.188,-20.293999999999997,0.063,-0.067421926910299,301.0,0.46151237521438276,0.21299367247602125,0.4664111798663481,0.415,0.969,-0.969,3.321000000000005,-0.163,0.011033222591362144,301.0,0.5070502202016663,0.2570999258065584,0.5071702453883794,0.975,0.975,-0.517,400.98100000000005,1.266,1.3321627906976745,301.0,0.25038527802703797,0.06269278745267712,1.3554890218559843,2.078,2.078,1.042,482.07,1.583,1.60156146179402,301.0,0.1628856284330285,0.026531727950022625,1.6098232337290392,2.04,2.04,1.341,2496.165,2.93,8.292906976744186,301.0,28.57701847176386,816.6459847355328,29.755979077497436,68.909,68.909,-40.222,-2556.334,-4.272,-8.492803986710962,301.0,21.681074586852205,470.0689952406486,23.28511788240167,23.865,52.734,-52.734,626.711,0.977,2.0820963455149504,301.0,14.307019482957802,204.69080648573413,14.45772913281131,52.063,55.115,-55.115,-306.33600000000007,-1.16,-1.0177275747508308,301.0,11.091451123520864,123.02028802545225,11.138045494693424,41.931,41.931,-29.358,594.662,2.686,1.975621262458472,301.0,12.830935287094533,164.6329003416077,12.98214079858502,22.217,22.217,-20.203,-1654.8960000000002,-2.319,-5.497993355481729,301.0,20.64277837847125,426.12429918268015,21.362402255355114,34.241,41.077,-41.077
203.15099999999995,0.555,0.5066109725685785,401.0,0.21157811803026483,0.04476530002922867,0.5490172834766768,0.945,0.945,0.028,174.20999999999998,0.492,0.4344389027431421,401.0,0.1726395257990554,0.029804405868122708,0.46748429501405503,0.743,0.743,0.083,-147.668,-0.646,-0.3682493765586035,401.0,0.6112607083087013,0.37363965352205525,0.7136156226273744,0.63,1.05,-1.05,146.45600000000002,0.612,0.36522693266832923,401.0,0.6187019884375486,0.38279215049657656,0.7184586716317736,1.079,1.079,-0.599,685.163,1.615,1.7086359102244388,401.0,0.3029990281824895,0.09180841107953308,1.73529394766075,2.263,2.263,1.258,626.129,1.425,1.5614189526184539,401.0,0.2664515396511046,0.07099642298244414,1.5839903940928914,2.095,2.095,1.181,461.7279999999996,1.221,1.1514413965087271,401.0,29.340007475298226,860.8360386505557,29.362592800026185,79.163,79.163,-59.387,-172.41399999999976,0.061,-0.4299600997506228,401.0,33.32584925148304,1110.6122283325726,33.32862274412116,61.951,91.553,-91.553,-34.30000000000007,-0.305,-0.08553615960099768,401.0,12.572855281101242,158.07668991951542,12.573146239271805,50.781,50.781,-46.448,-422.4270000000001,-0.488,-1.0534339152119703,401.0,11.551513718481928,133.43746918827617,11.599447926603878,28.809,42.847,-42.847,430.1729999999998,-0.671,1.072750623441396,401.0,29.456290186203375,867.6730315338214,29.475817638089623,74.89,74.89,-49.805,-813.0440000000003,0.854,-2.0275411471321703,401.0,22.785407184588756,519.174780567509,22.875438873840714,42.603,63.049,-63.049
163.674,0.657,0.5437674418604651,301.0,0.2789271432333654,0.07780035123232636,0.61113286776265,1.041,1.041,0.023,149.85700000000003,0.594,0.49786378737541537,301.0,0.26113446222155773,0.06819120735974216,0.5621917449941212,1.061,1.061,0.053,-107.269,-0.566,-0.356375415282392,301.0,0.5775613487371365,0.33357711155506015,0.6786608491527689,0.521,1.144,-1.144,107.97500000000001,0.537,0.3587209302325582,301.0,0.5992018738081636,0.3590428855752144,0.6983721009333965,1.059,1.059,-0.513,526.367,1.574,1.7487275747508304,301.0,0.3087626665519075,0.0953343842562444,1.775776594887478,2.39,2.39,1.315,501.27700000000004,1.521,1.665372093023256,301.0,0.29204811375771605,0.08529210074943985,1.6907857075839325,2.194,2.194,1.223,263.1829999999991,1.526,0.8743621262458441,301.0,38.82077800930324,1507.0528052476022,38.83062340956446,71.716,86.487,-86.487,-96.3720000000003,-0.183,-0.32017275747508406,301.0,42.8216216717838,1833.6912826013843,42.8228186040575,100.342,100.342,-76.355,129.1590000000001,0.061,0.4290996677740867,301.0,19.294718417587404,372.28615881398656,19.299489250725536,79.773,85.754,-85.754,653.9250000000004,2.014,2.172508305647842,301.0,21.150503625651606,447.34380361870177,21.261787223956752,83.191,83.191,-70.801,-603.6449999999995,-0.549,-2.005465116279068,301.0,36.613122057993095,1340.5207068335008,36.66800508844342,73.242,73.547,-73.547,331.0499999999993,1.831,1.099833887043187,301.0,31.505006297828714,992.5654218262271,31.524197950230477,58.35,64.27,-64.27
152.21699999999998,0.71,0.6064422310756972,251.0,0.2385947564766038,0.05692745781812987,0.6516898322439895,1.105,1.105,-0.02,143.188,0.698,0.5704701195219123,251.0,0.2450253302288777,0.06003741245377057,0.6208651783770093,0.932,0.932,0.068,-78.69399999999999,-0.311,-0.31352191235059756,251.0,0.50858855790609,0.25866232123299626,0.5974598821318232,0.334,1.125,-1.125,83.695,0.332,0.3334462151394422,251.0,0.5171232717475457,0.267416478182886,0.6153071237794221,1.099,1.099,-0.336,417.482,1.485,1.6632749003984064,251.0,0.30834313705160155,0.09507549016682275,1.69161428359486,2.311,2.311,1.187,402.08799999999997,1.452,1.6019442231075696,251.0,0.27138803036316184,0.07365146302439644,1.624769755064425,2.177,2.177,1.25,96.19000000000051,0.122,0.3832270916334682,251.0,40.76658215252572,1661.9142203986287,40.76838337980046,90.271,90.271,-75.867,63.90400000000045,-0.488,0.2545976095617548,251.0,44.98688717148492,2023.8200173799148,44.98760759723403,89.233,89.233,-84.045,900.1489999999999,1.709,3.5862509960159357,251.0,26.229777671834988,688.0012367138933,26.47380654383345,168.64,168.64,-46.509,-485.05200000000013,1.282,-1.932478087649403,251.0,19.87003283918767,394.8182050303963,19.963784125000988,47.363,97.961,-97.961,-728.094,-1.892,-2.900772908366534,251.0,36.670955660359425,1344.7589890440468,36.78550628318116,80.505,80.505,-61.218,11.717000000000553,2.869,0.04668127490040061,251.0,32.37681566527989,1048.2581926235137,32.37684931806892,48.584,77.637,-77.637
192.89100000000002,0.535,0.5495470085470086,351.0,0.25438419568689347,0.06471131901526772,0.6055685209934822,0.94,0.94,0.067,161.636,0.511,0.4605014245014245,351.0,0.26150494621050224,0.06838483689255768,0.5295719015019574,0.905,0.905,0.044,-147.19899999999998,-0.689,-0.41937037037037034,351.0,0.552819341782784,0.3056092246491506,0.693888126569213,0.481,1.116,-1.116,146.16799999999998,0.689,0.41643304843304835,351.0,0.6060573538641029,0.3673055161727584,0.7353380175130345,1.084,1.084,-0.511,626.738,1.685,1.7855783475783478,351.0,0.30507626245406083,0.093071525912939,1.8114528868434756,2.349,2.349,1.298,597.829,1.623,1.703216524216524,351.0,0.30481147105931466,0.09291003288934342,1.7302764407034967,2.171,2.171,1.248,461.4919999999993,1.953,1.3147920227920207,351.0,35.30584193646691,1246.5024748427857,35.330314927919666,76.904,98.267,-98.267,-88.5590000000002,-0.488,-0.2523048433048439,351.0,39.24316292451688,1540.025836320176,39.24397398396512,101.196,101.318,-101.318,51.69100000000026,-1.587,0.147267806267807,351.0,17.147181818306066,294.0258443100462,17.1478142081377,63.599,67.078,-67.078,103.08299999999997,1.648,0.2936837606837606,351.0,16.857481156951437,284.1746709569727,16.860039178728563,45.837,86.914,-86.914,-282.2180000000003,-1.526,-0.8040398860398869,351.0,30.686615475438806,941.6683693374405,30.69714725305567,66.223,66.223,-65.125,-64.99999999999955,1.16,-0.1851851851851839,351.0,28.39667893993166,806.3713748175583,28.3972827638556,53.589,69.031,-69.031
190.716,0.7455,0.6357200000000001,300.0,0.2486071900274273,0.061805534933333336,0.6826019728460601,1.0,1.0,0.158,160.37099999999998,0.625,0.53457,300.0,0.22692541748336612,0.0514951451,0.5807411041075016,0.853,0.853,0.063,-109.529,-0.454,-0.3650966666666667,300.0,0.5113339228484216,0.26146238065555555,0.6282976656543192,0.379,1.063,-1.063,107.16999999999999,0.436,0.3572333333333333,300.0,0.536753120365613,0.2881039122222222,0.644763186500801,1.043,1.043,-0.426,531.8190000000001,1.6575,1.7727300000000001,300.0,0.27295171202980206,0.0745026371,1.7936204420110737,2.29,2.29,1.357,477.0899999999999,1.431,1.5902999999999998,300.0,0.27218886212824117,0.07408677666666669,1.6134251971091398,2.078,2.078,1.253,205.14000000000033,-3.174,0.6838000000000011,300.0,37.253596819546615,1387.8304759933335,37.259871959432886,85.693,85.693,-81.421,48.82799999999952,3.2655,0.1627599999999984,300.0,40.81679080381504,1666.0104115223999,40.81711531134948,66.589,103.271,-103.271,639.3489999999998,0.61,2.131163333333333,300.0,16.612006390057832,275.9587563033223,16.748152538613525,69.092,69.092,-38.391,-519.711,-0.8235,-1.73237,300.0,14.692363600175659,215.86554815976666,14.79414255631825,39.185,39.185,-39.185,-847.8999999999996,-4.2415,-2.826333333333332,300.0,30.9213045363369,956.127074228889,31.050205061158614,70.313,70.313,-52.002,277.23,5.7065,0.9241,300.0,25.08746631720044,629.3809662166667,25.104480218213375,44.678,49.255,-49.255
197.88799999999998,0.771,0.6574352159468437,301.0,0.26920176075894725,0.07246958799571748,0.7104158297523998,1.174,1.174,0.155,159.16899999999998,0.608,0.5288006644518272,301.0,0.24046608977522055,0.057823940331784424,0.5809079815740857,0.864,0.864,0.077,-104.086,-0.479,-0.3458006644518272,301.0,0.5137089227133456,0.26389685727530604,0.619253548080777,0.494,1.002,-1.002,102.263,0.444,0.33974418604651163,301.0,0.5618729633271432,0.3157012269180252,0.6566028775983486,1.072,1.072,-0.459,552.071,1.698,1.8341229235880399,301.0,0.26449297355988305,0.06995653306254898,1.8530956348482632,2.396,2.396,1.463,491.98800000000006,1.51,1.634511627906977,301.0,0.30588326008735567,0.09356456880166886,1.6628868965040238,2.166,2.166,1.146,730.6540000000005,-0.183,2.4274219269103003,301.0,36.375688203941245,1323.19069231035,36.456591578500515,87.341,87.341,-85.144,-415.7649999999994,3.235,-1.38127906976744,301.0,43.55721458664115,1897.230942546705,43.57911052804179,87.83,87.83,-86.853,-1016.5389999999998,-3.296,-3.3772059800664445,301.0,16.800434788040658,282.2546090672068,17.136514502634522,61.096,61.096,-57.19,-307.865,0.244,-1.0228073089700997,301.0,16.42217201439905,269.68773367051136,16.45399247786974,51.208,51.208,-46.082,-174.86399999999958,-2.625,-0.580943521594683,301.0,33.91305229710892,1150.0951161064447,33.91802782417821,77.698,77.698,-54.626,542.8499999999999,0.793,1.803488372093023,301.0,27.27779024801402,744.0778408146489,27.337344624577636,53.101,60.12,-60.12
197.98000000000002,0.751,0.6577408637873755,301.0,0.25150755942864267,0.06325605244975221,0.7041868334082334,1.021,1.021,-0.292,168.143,0.645,0.5586146179401993,301.0,0.224110062065955,0.050225319919206195,0.6018933554174536,0.882,0.882,0.114,-89.60700000000001,-0.322,-0.2976976744186047,301.0,0.5198576456321158,0.2702519717221664,0.5990624984727486,0.402,1.15,-1.15,89.09800000000001,0.283,0.29600664451827247,301.0,0.5523872924733904,0.3051317208860829,0.6266990142684524,1.085,1.085,-0.406,527.7360000000001,1.639,1.753275747508306,301.0,0.27201476724226414,0.07399203359786315,1.7742513577277237,2.709,2.709,1.377,477.0589999999999,1.503,1.5849136212624582,301.0,0.2567422907009961,0.06591660383439478,1.6055739754672391,2.1,2.1,1.186,116.08800000000019,2.197,0.3856744186046518,301.0,38.9466682353983,1516.8429666381828,38.94857778398781,78.857,81.421,-81.421,203.91199999999935,-2.075,0.6774485049833866,301.0,42.643745176978875,1818.4890027191093,42.64912589017521,85.938,85.938,-77.271,314.6410000000001,0.061,1.0453189368770768,301.0,17.598294024970407,309.6999525893092,17.62931207588949,60.303,69.641,-69.641,589.901,0.732,1.9598039867109633,301.0,17.17626133340642,295.0239533934725,17.287706182712633,61.951,61.951,-44.128,-589.0499999999997,-1.953,-1.9569767441860455,301.0,30.727529112263067,944.1810453449742,30.789784073979135,65.186,66.101,-66.101,631.3470000000002,2.136,2.0974983388704325,301.0,24.278574225629463,589.4491664293993,24.369010355592273,41.626,51.514,-51.514
199.712,0.765,0.6634950166112956,301.0,0.2083013345815501,0.04338944598845487,0.6954243906108545,0.967,0.967,0.173,156.316,0.614,0.5193222591362127,301.0,0.22142111035125356,0.04902730810918201,0.5645555038643425,0.886,0.886,0.057,-96.30599999999998,-0.416,-0.319953488372093,301.0,0.5105220159147678,0.26063272873367843,0.6024972725707142,0.479,1.007,-1.007,105.478,0.407,0.3504252491694352,301.0,0.5429787033754548,0.29482587231929014,0.6462381353454397,1.067,1.067,-0.478,537.178,1.594,1.7846445182724253,301.0,0.3058185082879696,0.09352496001147892,1.8106576199301998,2.39,2.39,1.411,485.073,1.456,1.6115382059800665,301.0,0.32537282888431773,0.10586747777618351,1.6440568320802156,2.193,2.193,1.068,15.394000000000233,-1.77,0.05114285714285792,301.0,37.290281051767245,1390.5650609197912,37.2903161224416,74.951,77.82,-77.82,597.8489999999997,1.831,1.9862093023255805,301.0,44.62220242906713,1991.1409496206445,44.666385313939266,83.679,86.06,-86.06,183.3519999999999,1.343,0.6091428571428568,301.0,12.72667378425412,161.96822561082107,12.74124329220776,40.894,40.894,-37.842,395.0779999999999,1.16,1.312551495016611,301.0,14.117020821873927,199.29027688522203,14.177907755105911,54.565,54.565,-43.579,-565.7360000000003,-1.038,-1.8795215946843864,301.0,31.666906307480414,1002.7929550867428,31.72263476623006,59.387,60.791,-60.791,87.7159999999999,0.0,0.29141528239202624,301.0,24.84194600748573,617.1222814388362,24.84365521225989,40.771,47.546,-47.546
197.251,0.718,0.6553189368770764,301.0,0.23836198624203586,0.0568164364852485,0.6973229850757467,1.129,1.129,0.19,153.05200000000002,0.584,0.5084784053156147,301.0,0.24342778547851093,0.05925708674297194,0.5637440690732652,0.985,0.985,0.064,-108.393,-0.588,-0.36010963455149503,301.0,0.5191548120525082,0.2695217188772751,0.6318232884075153,0.46,1.079,-1.079,116.10599999999998,0.639,0.38573421926910295,301.0,0.5820277839766208,0.338756341320736,0.6982458229276279,1.08,1.08,-0.541,559.2700000000001,1.741,1.858039867109635,301.0,0.2811779418010312,0.07906103495546407,1.879194822982506,2.666,2.666,1.396,497.8829999999999,1.535,1.65409634551495,301.0,0.27076657639062324,0.07331453889029922,1.676111350458618,2.229,2.229,1.237,-274.9009999999994,5.432,-0.9132923588039846,301.0,36.32155188566376,1319.2551313829647,36.33303227526729,72.937,97.046,-97.046,565.3729999999996,-6.104,1.878315614617939,301.0,43.14394730765568,1861.40018928577,43.18481514182835,83.74,83.74,-75.623,670.1619999999998,1.221,2.226451827242524,301.0,22.367954294127074,500.32537930415776,22.47848898487595,77.942,77.942,-42.175,231.92900000000031,0.488,0.7705282392026589,301.0,21.740171672937723,472.63506436880385,21.75382215005475,112.0,112.0,-56.58,-392.14999999999964,1.77,-1.3028239202657794,301.0,35.17458821788678,1237.2516562978994,35.19870745446651,67.749,81.665,-81.665,54.4500000000005,-5.92,0.18089700996677907,301.0,29.685186560453484,881.2103011289281,29.685737734763187,61.218,61.218,-57.312
180.934,0.833,0.7266425702811244,249.0,0.24009609178029695,0.05764613328817277,0.7652813588693584,1.283,1.283,-0.179,143.67900000000003,0.664,0.5770240963855423,249.0,0.21257210310329475,0.04518689901775778,0.614933904437956,1.132,1.132,0.046,-60.913,-0.256,-0.2446305220883534,249.0,0.5198946449034899,0.2702904417993258,0.5745733496574186,0.484,1.211,-1.211,56.782000000000004,0.205,0.2280401606425703,249.0,0.5593389945613679,0.312860110836922,0.6040384306505764,1.077,1.077,-0.511,448.10299999999995,1.76,1.799610441767068,249.0,0.20024297703242644,0.04009724985080886,1.8107167067125303,2.279,2.279,1.442,386.235,1.507,1.5511445783132531,249.0,0.23908534541097248,0.057161802390284025,1.5694621069719663,2.077,2.077,1.173,1052.8000000000002,5.737,4.228112449799197,249.0,35.123340438198014,1233.649043537556,35.37691307089559,64.819,90.759,-90.759,-1230.7730000000001,-4.883,-4.942863453815262,249.0,43.12405321651378,1859.6839658207125,43.406403501600714,84.229,84.229,-73.73,-335.63300000000004,-1.404,-1.3479236947791167,249.0,19.135045071432256,366.1499498857438,19.182461994558746,55.908,66.162,-66.162,-478.64099999999996,-3.418,-1.9222530120481927,249.0,16.469125963823647,271.23211001229015,16.580927798365764,46.875,51.636,-51.636,-285.2769999999996,5.493,-1.1456907630522073,249.0,39.471195889159944,1557.9753049204369,39.48781979604572,59.937,76.477,-76.477,-578.9250000000002,-5.554,-2.3250000000000006,249.0,27.99468291440201,783.7022714779118,28.091064352884736,59.265,59.265,-50.476
162.814,0.353,0.3602079646017699,452.0,0.07897821548145992,0.006237558520635914,0.36876460823021756,0.54,0.54,0.151,272.494,0.654,0.6028628318584072,452.0,0.16794243835561676,0.028204662600830138,0.6258180699190206,0.91,0.91,0.17,-195.92399999999998,-0.543,-0.4334601769911504,452.0,0.36488339234205813,0.13313989000704832,0.5665929888767137,0.303,0.912,-0.912,188.58200000000002,0.563,0.41721681415929207,452.0,0.4716179240295651,0.22242346626595663,0.6296771683038744,1.035,1.035,-0.503,587.433,1.274,1.2996305309734513,452.0,0.19596129798201917,0.03840083030679771,1.314321249674193,1.691,1.691,0.967,720.0179999999999,1.5455,1.5929601769911503,452.0,0.1938775345782176,0.037588498414127966,1.6047151223484515,1.948,1.948,1.287,267.75700000000006,-2.747,0.592382743362832,452.0,19.14042068577089,366.35570402828625,19.149585409165397,48.523,48.523,-46.326,-323.6700000000001,1.343,-0.7160840707964603,452.0,16.342148423740117,267.0658151035516,16.35782966961082,42.114,42.114,-41.687,-458.6849999999999,-0.671,-1.0147898230088492,452.0,11.638771411592908,135.46099997131236,11.682927644909674,46.875,46.875,-34.363,47.180999999999926,-0.0305,0.1043827433628317,452.0,11.216819043824973,125.81702946191459,11.217304721680094,39.978,49.866,-49.866,191.27899999999988,1.0075,0.4231836283185838,452.0,9.684951428023957,93.7982841631833,9.694192516473983,29.724,29.724,-25.757,-59.333000000000084,2.1665,-0.13126769911504443,452.0,20.54253318767753,421.9956697668328,20.54295258660896,41.687,52.124,-52.124
137.29500000000002,0.303,0.30442350332594237,451.0,0.07075541255243352,0.005006328405465066,0.3125379941426404,0.515,0.515,0.109,258.428,0.606,0.573011086474501,451.0,0.19321372966649017,0.03733154533163554,0.6047092281041556,0.97,0.97,0.14,-170.416,-0.457,-0.3778625277161862,451.0,0.453433580740884,0.2056020121434998,0.590239021071604,0.462,0.964,-0.964,155.85199999999998,0.419,0.34556984478935693,451.0,0.5370251773712054,0.28839604113057454,0.6386036006462185,1.073,1.073,-0.626,589.2070000000001,1.183,1.3064456762749448,451.0,0.2536927162480513,0.06435999427731427,1.3308494653171004,1.831,1.831,0.902,715.298,1.498,1.5860266075388028,451.0,0.21614099693463287,0.04671693055589698,1.6006865184591703,2.067,2.067,1.264,457.2799999999993,-4.211,1.013924611973391,451.0,24.74936721650427,612.5311776173764,24.770127588208783,86.853,86.853,-47.241,-447.7539999999999,-0.122,-0.99280266075388,451.0,19.277462631898683,371.62056552425014,19.30301071458673,55.908,55.908,-50.232,251.77399999999997,0.671,0.5582572062084257,451.0,15.202105644660083,231.10401603140596,15.212352452519944,66.833,68.054,-68.054,757.9990000000003,0.183,1.6807073170731712,451.0,15.551495913770541,241.84902515602184,15.642052366671233,54.504,54.504,-53.223,-187.93400000000008,-2.014,-0.4167050997782707,451.0,8.443723632641628,71.29646878443074,8.453999758966875,23.865,23.865,-18.799,243.34699999999975,3.052,0.5395720620842567,451.0,22.441592094772,503.625055748133,22.448077729692468,39.978,49.988,-49.988
143.185,0.307,0.3181888888888889,450.0,0.07659351502059346,0.005866566543209876,0.3272777651407983,0.624,0.624,0.136,243.771,0.5325,0.5417133333333333,450.0,0.18335022964564596,0.033617306711111114,0.5719009024492113,0.914,0.914,0.197,-210.09500000000003,-0.6365000000000001,-0.46687777777777784,450.0,0.4323992401005189,0.18696910283950618,0.6363520741085255,0.385,0.962,-0.962,189.551,0.627,0.4212244444444444,450.0,0.5346207800989222,0.2858193785135802,0.6806242804301879,1.031,1.031,-0.626,610.318,1.3575,1.3562622222222223,450.0,0.2480933115573779,0.061550291239506186,1.3787666614284908,1.814,1.814,0.978,728.1210000000001,1.6425,1.6180466666666669,450.0,0.2392849255594677,0.0572572756,1.6356443045818707,2.065,2.065,1.22,-213.808,-0.3355,-0.4751288888888889,450.0,23.331622565595122,544.3646115433876,23.33645986443626,63.66,63.66,-51.147,101.68899999999985,3.174,0.22597555555555524,450.0,18.824401220090852,354.358081294958,18.82575752119066,33.752,48.462,-48.462,723.3229999999999,1.3125,1.607384444444444,450.0,11.631987799788336,135.3031401744247,11.742522085423841,44.189,44.189,-27.771,179.39400000000012,-1.9224999999999999,0.3986533333333336,450.0,14.910584156670575,222.32551989315556,14.915912455271831,61.768,61.768,-32.41,42.05600000000004,-0.2135,0.09345777777777786,450.0,12.261939680137413,150.3551647193284,12.262295832165995,38.086,38.086,-28.442,-104.55199999999968,5.8285,-0.23233777777777706,450.0,24.353851496296922,593.1100827036839,24.354959731986145,37.842,68.176,-68.176
142.69,0.337,0.3558354114713217,401.0,0.11972030097993386,0.014332950466725952,0.37543546785525045,0.663,0.663,0.022,227.85899999999998,0.597,0.5682269326683291,401.0,0.2115121566053317,0.04473739239183836,0.6063161216737489,1.008,1.008,0.161,-174.953,-0.544,-0.4362917705735661,401.0,0.43347935507808205,0.18790435127890995,0.6150242762274731,0.469,0.988,-0.988,164.78000000000003,0.551,0.410922693266833,401.0,0.528174182057631,0.2789679665922476,0.6691975989451211,1.021,1.021,-0.652,549.1949999999999,1.335,1.3695635910224437,401.0,0.26346983827730197,0.06941635568186766,1.394675871138581,1.861,1.861,0.919,662.822,1.628,1.6529226932668328,401.0,0.238972606676735,0.05710790674187349,1.6701081811243108,2.08,2.08,1.228,-320.7979999999993,2.991,-0.7999950124688262,401.0,26.21618672164993,687.2884462244141,26.22838992855621,80.017,80.017,-44.312,301.8200000000006,-1.465,0.752668329177059,401.0,20.93708514076733,438.36153419174013,20.950609628492586,43.884,69.275,-69.275,94.91400000000021,-1.343,0.23669326683291825,401.0,16.438188898644242,270.2140542675108,16.43989288195257,67.566,67.566,-29.602,-273.2570000000003,-2.014,-0.6814389027431429,401.0,19.32565632200346,373.48099227619235,19.337666644514382,91.003,91.003,-61.218,-34.67000000000007,0.854,-0.0864588528678306,401.0,11.695294675853196,136.7799175550401,11.695614250148614,26.306,31.616,-31.616,246.64699999999993,0.488,0.615079800498753,401.0,27.758451078597826,770.5316062829088,27.765264800536123,39.429,79.407,-79.407
161.89799999999997,0.36,0.4037356608478802,401.0,0.12405822762123993,0.015390443840523379,0.4223658694553787,0.792,0.792,0.212,215.43200000000002,0.557,0.5372369077306733,401.0,0.22182611247096007,0.04920682417397902,0.5812317259080023,1.082,1.082,0.208,-191.148,-0.594,-0.4766783042394015,401.0,0.427958330823008,0.18314833292081517,0.6406017004764868,0.435,0.952,-0.952,181.118,0.593,0.4516658354114713,401.0,0.533020151448552,0.28411048185023724,0.6986504911099537,1.097,1.097,-0.664,581.519,1.452,1.4501720698254363,401.0,0.30895667536052773,0.09545422724983053,1.4827181995752332,1.949,1.949,0.702,686.21,1.761,1.7112468827930176,401.0,0.29832753493644465,0.0889993181012556,1.7370564792113337,2.172,2.172,1.248,-145.26199999999972,-4.333,-0.3622493765586028,401.0,29.73496763210698,884.1683000824498,29.73717412084186,100.952,100.952,-52.612,884.9419999999996,5.432,2.2068379052369065,401.0,25.912956802736893,671.4813302605082,26.006758040949638,47.974,75.562,-75.562,172.11299999999986,-1.953,0.42920947630922657,401.0,20.344636899796186,413.9042505845486,20.349163898280985,67.871,67.871,-58.594,1205.745,-0.916,3.0068453865336657,401.0,23.692045542882525,561.3130220060198,23.882088291950907,102.051,102.051,-52.979,716.4319999999998,0.0,1.786613466334164,401.0,12.900673650091022,166.42738062615283,13.023800071570486,33.142,33.142,-25.757,-723.5079999999998,1.404,-1.804259351620947,401.0,30.172158333492078,910.3591385013154,30.226056479620805,47.913,90.576,-90.576
130.236,0.365,0.371042735042735,351.0,0.07719657741136916,0.0059593115640295125,0.37898815653265844,0.614,0.614,0.221,191.153,0.532,0.5445954415954416,351.0,0.20245305145119205,0.040987238041899014,0.5810089784576767,0.921,0.921,0.165,-141.903,-0.543,-0.40428205128205125,351.0,0.4700224856017963,0.22092113697129084,0.6199718654585173,0.455,0.947,-0.947,128.48799999999997,0.573,0.366062678062678,351.0,0.5827001022626249,0.3395394091768736,0.6881433669282102,1.026,1.026,-0.737,487.243,1.307,1.388156695156695,351.0,0.2919524235416963,0.08523621761187003,1.4185257233903896,1.924,1.924,0.96,584.0799999999999,1.641,1.664045584045584,351.0,0.26042543141848146,0.06782140532950219,1.6843007781008448,2.066,2.066,1.226,210.14500000000044,-0.854,0.598703703703705,351.0,30.81139154617856,949.3418490119236,30.817207776447756,80.444,80.444,-50.964,-35.526000000000295,-0.977,-0.10121367521367605,351.0,25.9519312174895,673.5027339173059,25.95212858563544,52.917,57.434,-57.434,554.9279999999999,-0.305,1.5809914529914526,351.0,18.248887110506402,333.02188077200674,18.317243644894795,51.208,52.063,-52.063,-741.7610000000001,-3.296,-2.1132792022792026,351.0,22.327503900934886,498.51743044626255,22.42729095171881,135.01,135.01,-71.96,125.79299999999989,0.183,0.3583846153846151,351.0,14.760082978429818,217.86004953013367,14.764433245562731,38.086,41.504,-41.504,-215.57800000000043,4.883,-0.6141823361823374,351.0,32.28847797573533,1042.5458099895454,32.294318849166395,41.321,82.153,-82.153
162.327,0.391,0.40480548628428925,401.0,0.0877655973012849,0.007702800069651308,0.41421043178016564,0.64,0.64,0.208,206.994,0.499,0.5161945137157107,401.0,0.2114651113930717,0.04471749333648422,0.5578299645292312,0.931,0.931,0.189,-184.615,-0.637,-0.46038653366583543,401.0,0.4632686026730582,0.21461779822264787,0.6531259898392433,0.465,0.953,-0.953,166.80700000000002,0.646,0.4159775561097257,401.0,0.5905005290497143,0.34869087480799243,0.7223075536051194,1.024,1.024,-0.688,586.0070000000001,1.438,1.4613640897755613,401.0,0.3113066695414338,0.09691184250097948,1.4941542240968746,1.917,1.917,0.962,677.7719999999999,1.676,1.6902044887780547,401.0,0.26187554501539034,0.06857880107710773,1.7103713090912727,2.103,2.103,1.251,12.687999999999647,-0.732,0.03164089775561009,401.0,27.505612632515536,756.5587262899982,27.5056308314572,53.528,55.725,-55.725,-101.5639999999994,1.77,-0.25327680798004837,401.0,24.352780882660785,593.0579367188886,24.354097927460774,56.152,60.547,-60.547,-30.144000000000005,-0.061,-0.07517206982543642,401.0,17.65951645443066,311.8585214043072,17.659676447896462,54.81,54.81,-48.767,-278.375,-0.366,-0.6942019950124688,401.0,18.59027379671971,345.5982798370035,18.60323080131198,61.707,61.707,-44.373,84.9659999999999,-1.221,0.21188528678304214,401.0,14.30095279429822,204.5172508247461,14.302522371928012,34.79,34.79,-28.137,260.1269999999995,2.014,0.6486957605985025,401.0,28.625356117001306,819.4110128251441,28.632705408587615,50.171,57.983,-57.983
150.481,0.436,0.42994571428571426,350.0,0.1102765092013374,0.012160908481632654,0.4438628456114408,0.813,0.813,0.202,199.62699999999998,0.576,0.5703628571428571,350.0,0.19552986558245744,0.038231928334693875,0.6029475243691255,0.944,0.944,0.209,-151.98,-0.559,-0.4342285714285714,350.0,0.4306089167489143,0.18542403918367345,0.6115378086664564,0.354,0.964,-0.964,141.838,0.5525,0.40525142857142854,350.0,0.5293295972246018,0.28018982249795915,0.6666472401931496,1.002,1.002,-0.661,496.238,1.3940000000000001,1.417822857142857,350.0,0.2764065898384524,0.07640060290612245,1.4445145403016397,1.886,1.886,0.987,577.528,1.645,1.65008,350.0,0.2523288090680774,0.06366982788571428,1.6692614637275114,2.118,2.118,1.219,233.4010000000003,-2.9909999999999997,0.6668600000000009,350.0,26.75878394878106,716.0325184175429,26.767092122177615,54.016,57.434,-57.434,-103.27299999999968,-0.6405000000000001,-0.2950657142857134,350.0,24.089288564569735,580.2938235471102,24.091095602376765,59.143,59.143,-53.345,-318.6700000000001,1.1295000000000002,-0.9104857142857145,350.0,21.920630099352824,480.514023952653,21.9395307194245,44.739,131.042,-131.042,404.1189999999999,-0.305,1.1546257142857141,350.0,21.375183425777298,456.8984664856245,21.406345485059198,74.158,74.158,-52.063,-17.21400000000017,0.5185,-0.049182857142857625,350.0,15.22509705399956,231.8035803037061,15.225176493464463,33.203,33.875,-33.875,-230.27999999999975,1.0070000000000001,-0.6579428571428564,350.0,28.653210870230193,821.0064931738776,28.660763806590058,45.41,56.335,-56.335
176.738,0.41,0.4407431421446384,401.0,0.09236111152318248,0.00853057492179775,0.45031665777464497,0.774,0.774,0.138,227.981,0.595,0.5685311720698254,401.0,0.22998926495791736,0.05289506199588311,0.6132884766657308,0.925,0.925,0.175,-151.226,-0.43,-0.3771221945137157,401.0,0.44485296686192555,0.19789416212585742,0.5831940600869475,0.422,0.945,-0.945,139.668,0.378,0.3482992518703242,401.0,0.5567499787851328,0.3099705388772458,0.6567213318681473,1.014,1.014,-0.701,563.194,1.312,1.4044738154613465,401.0,0.3000565365474376,0.09003392512484375,1.4361687308395892,1.979,1.979,0.977,669.435,1.562,1.6694139650872817,401.0,0.27453597796372253,0.07537000319649753,1.691837164157632,2.196,2.196,1.263,-812.375,-9.827,-2.025872817955112,401.0,25.7449174969347,662.8007769239745,25.8245026592673,63.416,63.416,-45.593,51.026000000000295,5.798,0.12724688279301818,401.0,24.483289918499786,599.4314852333132,24.483620586067204,46.509,71.045,-71.045,-340.151,-2.441,-0.8482568578553616,401.0,15.975537652709104,255.21780329312628,15.998041848614626,70.374,70.374,-44.312,-4.817999999999984,-2.319,-0.012014962593516169,401.0,19.609378596666623,384.527728947407,19.60938227754085,80.811,80.811,-47.119,441.10599999999977,-2.625,1.1000149625935156,401.0,13.278092419809521,176.30773830900307,13.323579520043879,46.387,46.387,-19.958,-42.71799999999985,4.822,-0.10652867830423902,401.0,28.35278155244031,803.8802217603995,28.352981679528888,47.119,70.435,-70.435
145.44299999999998,0.411,0.4143675213675213,351.0,0.0533731579342414,0.002848693987873475,0.41779078107605094,0.579,0.579,0.302,184.328,0.553,0.5251509971509971,351.0,0.21460955733644596,0.04605726210014529,0.5673101725765474,0.875,0.875,0.15,-117.571,-0.411,-0.33496011396011394,351.0,0.48221773829573356,0.23253394712705255,0.5871390168190367,0.483,0.947,-0.947,102.91799999999999,0.428,0.2932136752136752,351.0,0.6037814621682276,0.3645520540580028,0.6712125694519683,1.035,1.035,-0.742,485.943,1.219,1.3844529914529915,351.0,0.29962127554440704,0.08977290875885748,1.4165037925476918,1.93,1.93,1.027,574.116,1.499,1.6356581196581197,351.0,0.29632751657236595,0.0878099970779458,1.6622838149610557,2.154,2.154,1.26,-588.5670000000005,-7.385,-1.6768290598290612,351.0,28.547552690261522,814.9627646032579,28.59675716404126,50.964,53.955,-53.955,61.03200000000061,7.202,0.1738803418803436,351.0,27.173638346854197,738.406621005625,27.174194659251956,44.678,57.861,-57.861,26.545999999999992,0.244,0.0756296296296296,351.0,12.161259619712075,147.89623553803946,12.161494783903718,47.241,47.241,-38.879,-698.1740000000001,-3.296,-1.9890997150997154,351.0,18.50019259940631,342.2571262151281,18.606817134903483,65.002,65.002,-37.048,4.019999999999982,0.977,0.0114529914529914,351.0,14.270791704846573,203.65549588311777,14.270796300631968,41.504,41.504,-28.137,965.5140000000001,3.54,2.750752136752137,351.0,29.257748095739025,856.0158236337206,29.386773571652384,45.166,51.941,-51.941
-102.584,-0.465,-0.5103681592039802,201.0,0.14544022649761018,0.021152859483676147,0.5306868355376222,0.264,0.847,-0.847,119.38199999999999,0.518,0.5939402985074627,201.0,0.18719435829910946,0.03504172777901537,0.6227413636255016,1.101,1.101,0.23,134.058,0.747,0.666955223880597,201.0,0.2458242566535659,0.060429565159278234,0.7108156130958968,1.016,1.016,0.145,136.336,0.761,0.6782885572139304,201.0,0.21565308957488183,0.04650625504319201,0.7117454754970679,1.045,1.045,0.204,317.717,1.746,1.580681592039801,201.0,0.2767655906154325,0.07659919214870918,1.6047284778311217,1.983,1.983,0.909,340.99800000000005,1.705,1.6965074626865675,201.0,0.18584263174835336,0.034537483775154074,1.7066561032400078,2.105,2.105,1.225,-520.3819999999998,0.305,-2.5889651741293522,201.0,37.82868345336258,1431.0092918147077,37.9171733187953,75.623,101.196,-101.196,17.581000000000017,0.0,0.08746766169154238,201.0,29.736581520537314,884.2642805275613,29.736710159656248,63.416,98.755,-98.755,1257.9900000000002,1.77,6.258656716417912,201.0,25.975272357500614,674.7147740463355,26.718636902736982,101.807,101.807,-51.575,452.208,0.0,2.2497910447761194,201.0,27.04455726293883,731.4080775483775,27.137974082335855,97.717,97.717,-76.782,73.79099999999994,-2.625,0.36711940298507434,201.0,26.224083802096402,687.7025712593748,26.226653387640265,93.872,93.872,-58.044,-607.5450000000001,2.319,-3.022611940298508,201.0,29.330431901542152,860.2742355310015,29.485766370787058,31.555,103.455,-103.455
-135.21,-0.541,-0.5430120481927712,249.0,0.1442516621169952,0.020808542023515748,0.561845731946078,-0.181,0.886,-0.886,153.207,0.625,0.615289156626506,249.0,0.1722283575706903,0.029662607151497555,0.6389392407840159,1.082,1.082,0.246,119.094,0.59,0.478289156626506,249.0,0.4391936348793842,0.19289104891856584,0.6493470306893382,1.036,1.036,-0.368,117.102,0.609,0.47028915662650606,249.0,0.43537762393649715,0.18955367542458992,0.6408787453684669,0.985,0.985,-0.356,390.246,1.441,1.5672530120481927,249.0,0.32780852636990254,0.1074584299608071,1.6011684588871153,2.135,2.135,1.047,414.98800000000006,1.621,1.6666184738955825,249.0,0.28538823521525447,0.08144644479927741,1.6908765721747159,2.165,2.165,1.183,-245.9670000000001,4.517,-0.9878192771084341,249.0,42.39972503362703,1797.7366829271787,42.411230468490366,86.182,132.141,-132.141,-978.9430000000002,1.221,-3.9314979919678725,249.0,38.6021451580636,1490.1256108042128,38.80183355545277,75.195,211.243,-211.243,-431.812,-0.549,-1.7341847389558234,249.0,16.42176241067623,269.6742806726988,16.51307595154598,51.27,52.551,-52.551,-119.94000000000004,-1.892,-0.481686746987952,249.0,19.598689195325406,384.1086181749649,19.60460762925871,69.214,69.214,-57.007,65.12800000000061,-6.348,0.26155823293172936,249.0,27.433799248855937,752.6133412265286,27.435046089550184,71.899,71.899,-46.875,573.0640000000003,6.287,2.3014618473895596,249.0,30.227059161714912,913.6751055658134,30.314548193908536,76.599,76.599,-67.749
-112.791,-0.524,-0.5583712871287129,202.0,0.14433825017194762,0.02083353046269974,0.5767252593327912,-0.158,0.91,-0.91,119.174,0.5385,0.589970297029703,202.0,0.18210835939977635,0.03316345456327811,0.6174369651556295,1.01,1.01,0.2,100.88400000000001,0.6875,0.4994257425742575,202.0,0.42280930670027755,0.1787677098323694,0.6543651749430266,1.17,1.17,-0.387,98.017,0.6955,0.4852326732673267,202.0,0.4725861337194974,0.2233376537839427,0.6773392067421603,1.136,1.136,-0.525,319.759,1.6764999999999999,1.5829653465346536,202.0,0.35442599499451255,0.12561778592785022,1.622158153281432,2.467,2.467,0.85,344.793,1.756,1.7068960396039605,202.0,0.3328317805479685,0.1107769941427311,1.739043151896587,2.326,2.326,0.946,1175.1119999999996,16.8155,5.81738613861386,202.0,49.76631189721513,2476.6857998508967,50.105167211941655,106.689,132.019,-132.019,1029.1179999999995,14.6485,5.094643564356433,202.0,48.20534397413873,2323.7551876650327,48.473813350229335,107.178,118.835,-118.835,629.9490000000001,5.859,3.1185594059405943,202.0,37.20344977641553,1384.0966752662728,37.33392676955712,116.699,163.391,-163.391,-416.01500000000004,-6.9275,-2.059480198019802,202.0,37.12590891232752,1378.3331125664397,37.18298765904208,163.452,163.452,-72.693,432.12800000000016,-6.1035,2.139247524752476,202.0,51.56845101711964,2659.3051403050677,51.61280384049318,181.885,181.885,-51.575,-206.42500000000018,11.5665,-1.0219059405940603,202.0,58.193570572412895,3386.4916559664002,58.202542450633736,61.401,187.744,-187.744
-191.78000000000003,-0.6545000000000001,-0.6392666666666668,300.0,0.13785408549944717,0.019003748888888887,0.6539614820461523,-0.32,0.981,-0.981,200.51,0.6855,0.6683666666666667,300.0,0.13362678956290497,0.01785611888888889,0.6815938086573263,0.961,0.961,0.32,101.662,0.392,0.33887333333333336,300.0,0.35334570978324076,0.12485319062222222,0.48957974495138856,0.944,0.944,-0.336,71.81,0.313,0.23936666666666667,300.0,0.44700515905548815,0.19981361222222224,0.5070601673700403,1.107,1.107,-0.631,426.49300000000005,1.3875,1.4216433333333336,300.0,0.15196704507520334,0.023093982788888887,1.4297425467544849,1.804,1.804,1.122,449.67400000000004,1.495,1.4989133333333335,300.0,0.18175721669915124,0.03303568582222222,1.5098929984163338,1.913,1.913,1.16,-345.15599999999995,2.7465,-1.1505199999999998,300.0,26.837347056473373,720.2431970296,26.861997194922047,55.176,74.097,-74.097,-795.5950000000007,-1.4954999999999998,-2.6519833333333356,300.0,32.86639450902784,1080.1998880230553,32.97321494218199,64.453,123.352,-123.352,574.5869999999999,3.357,1.9152899999999995,300.0,28.85199903852822,832.4378485192334,28.91550076175983,80.811,80.811,-80.566,-606.6989999999998,-2.686,-2.0223299999999993,300.0,25.600573351543645,655.3893559277666,25.680326605334805,72.815,72.815,-65.857,102.72499999999991,-6.958,0.34241666666666637,300.0,27.389238866321,750.170405676389,27.39137920678694,70.007,70.007,-49.622,104.37100000000055,10.071,0.3479033333333352,300.0,29.39328446421034,863.9651715939889,29.395343310179815,51.758,69.031,-69.031
-130.651,-0.69,-0.653255,200.0,0.17849708674093254,0.031861209975,0.6772025583235787,-0.245,0.982,-0.982,122.524,0.621,0.61262,200.0,0.1371737788354611,0.0188166456,0.6277897020499779,0.932,0.932,0.241,85.66499999999999,0.504,0.42832499999999996,200.0,0.38915898984219804,0.151444719375,0.5787115213990474,1.007,1.007,-0.316,66.27,0.445,0.33135,200.0,0.47978221882433286,0.2301909775,0.5830812979336586,1.308,1.308,-0.629,310.99,1.495,1.55495,200.0,0.20239428722174943,0.0409634475,1.5680666280486937,1.998,1.998,1.146,310.318,1.546,1.55159,200.0,0.2906503086184496,0.0844776019,1.5785781988865804,2.155,2.155,1.05,-37.17399999999952,-8.8805,-0.18586999999999762,200.0,36.33841963174926,1320.4807413331,36.33889498856563,119.507,119.507,-73.12,-216.12800000000016,-10.071,-1.0806400000000007,200.0,43.1472462252274,1861.6848568203998,43.16077663376784,136.047,136.047,-130.249,-160.7700000000001,-2.716,-0.8038500000000005,200.0,32.5654084248532,1060.5058258774998,32.575328098117446,88.745,91.187,-91.187,776.246,-0.6405000000000001,3.88123,200.0,35.10845941489173,1232.6039224871001,35.322342345886405,111.938,111.938,-95.093,72.08699999999999,-6.0425,0.36043499999999995,200.0,38.08147174500711,1450.1984902657748,38.08317743643511,63.293,77.087,-77.087,412.4760000000001,5.737500000000001,2.0623800000000005,200.0,41.16215873245231,1694.3233115156002,41.21379287059128,76.538,76.538,-70.923
-108.062,-0.517,-0.5376218905472636,201.0,0.12540908708221263,0.01572743912279399,0.5520550120399306,-0.283,1.156,-1.156,119.593,0.552,0.5949900497512438,201.0,0.14908783981463591,0.022227183980594537,0.6133843357011834,1.466,1.466,0.306,114.213,0.769,0.5682238805970149,201.0,0.44422647245825203,0.19733715883270214,0.7212596878471947,0.972,0.972,-0.792,108.88900000000001,0.757,0.5417363184079602,201.0,0.447329828256665,0.20010397524813742,0.7025540647739136,0.97,0.97,-0.758,329.179,1.741,1.6377064676616915,201.0,0.3230354144871669,0.10435187901289572,1.6692616191699345,1.994,1.994,0.648,353.071,1.824,1.7565721393034828,201.0,0.34431347226616127,0.11855176718398061,1.7899992870839905,2.228,2.228,0.611,91.31100000000015,-13.672,0.454283582089553,201.0,56.24444920507506,3163.438066382268,56.246283787955484,148.499,148.499,-92.957,-391.6060000000002,-11.414,-1.9482885572139315,201.0,53.82967899156232,2897.6343403346455,53.8649252170354,177.734,177.734,-91.797,-715.02,-2.808,-3.5573134328358207,201.0,27.690959055424976,766.7892134092225,27.918518805063005,123.047,123.047,-91.919,-277.1610000000002,-3.906,-1.3789104477611949,201.0,31.32424036985094,981.2080347481993,31.354575882495116,118.225,118.225,-110.168,-14.467999999999847,-0.244,-0.07198009950248681,201.0,53.16088086720082,2826.079254576718,53.16092959788648,143.86,233.093,-233.093,239.86599999999999,-0.854,1.193363184079602,201.0,50.10463186324873,2510.4741341516797,50.118841265943054,187.622,187.622,-128.296
-149.703,-0.6145,-0.598812,250.0,0.1483076284484382,0.021995152655999998,0.6169043394238689,-0.312,1.021,-1.021,131.406,0.522,0.525624,250.0,0.09921888239644709,0.009844386623999998,0.5349065114578435,0.822,0.822,0.282,96.07300000000001,0.5305,0.384292,250.0,0.47650487377990164,0.227056894736,0.6121578521917366,0.939,0.939,-0.374,70.767,0.46699999999999997,0.283068,250.0,0.5508339925748955,0.303418087376,0.6193105682934856,0.912,0.912,-0.616,391.356,1.4335,1.565424,250.0,0.28374115708511516,0.080509044224,1.5909309677041303,2.068,2.068,1.167,388.85699999999997,1.4415,1.5554279999999998,250.0,0.3735876400739189,0.139567724816,1.5996637109092646,2.244,2.244,1.02,-338.13400000000047,-5.798,-1.352536000000002,250.0,37.89511636103924,1436.039844016704,37.919245742076676,90.271,90.271,-81.665,266.96600000000035,1.526,1.0678640000000015,250.0,42.49203226240779,1805.5728057895042,42.5054483485588,108.276,108.276,-105.103,908.8109999999999,1.0685,3.6352439999999997,250.0,21.022322214647552,441.93803129646403,21.334315790200538,69.702,69.702,-66.956,861.6329999999994,7.5985,3.4465319999999973,250.0,24.208147265269517,586.034394016976,24.452259135793568,53.223,56.58,-56.58,-507.26800000000003,-7.7205,-2.029072,250.0,30.93055407694495,956.699175506816,30.99703709530961,59.265,61.157,-61.157,343.203,4.211,1.372812,250.0,33.7154158269575,1136.7292643846563,33.74335308134033,81.543,81.543,-58.899
-94.775,-0.615,-0.6276490066225165,151.0,0.16548004416112988,0.027383645015569495,0.6490970039445578,-0.374,1.262,-1.262,98.564,0.646,0.6527417218543046,151.0,0.13013657948051932,0.01693552931888952,0.665587924145422,1.076,1.076,0.358,61.678,0.501,0.40846357615894036,151.0,0.39940965998317235,0.15952807648787334,0.5712885168952934,0.947,0.947,-0.562,51.290000000000006,0.457,0.3396688741721855,151.0,0.4303926394938935,0.1852378241305206,0.5482816504424715,0.919,0.919,-0.644,224.59499999999997,1.517,1.4873841059602646,151.0,0.23109471298559833,0.053404766369896065,1.5052296319941063,1.963,1.963,0.92,231.55599999999998,1.485,1.5334834437086091,151.0,0.2781938162410577,0.0773917993947634,1.558513160522932,2.085,2.085,0.8,1450.929,5.127,9.608801324503311,151.0,46.21077530860935,2135.4357546227798,47.19920356866794,143.86,143.86,-56.091,-117.06700000000001,-16.724,-0.7752781456953642,151.0,41.59350653395533,1730.0197857901846,41.60073126753156,92.407,92.407,-65.369,-477.2320000000001,-8.24,-3.1604768211920535,151.0,37.84507827656585,1432.2499497593965,37.97681613164391,90.698,100.525,-100.525,-1709.05,-9.888,-11.318211920529802,151.0,42.65623541301692,1819.5544196107187,44.13225963723976,119.324,129.761,-129.761,147.04399999999987,3.845,0.9738013245033104,151.0,53.74825868832174,2888.8753120267534,53.757079543501604,123.84,247.131,-247.131,811.406,-4.333,5.373549668874172,151.0,55.205113356684215,3047.604540724354,55.46602182208683,130.615,130.615,-107.056
-115.21300000000001,-0.579,-0.578959798994975,199.0,0.11550243484113638,0.013340812454230955,0.590368750279461,-0.308,0.953,-0.953,129.878,0.667,0.6526532663316582,199.0,0.1628108789004164,0.026507382288326053,0.6726541967026657,1.033,1.033,0.272,61.282,0.476,0.30794974874371855,199.0,0.4942801653889439,0.24431288189692177,0.5823623697048438,0.978,0.978,-0.791,31.400000000000006,0.334,0.15778894472361812,199.0,0.5628239151597689,0.31677075947577077,0.5845238323223133,0.993,0.993,-0.898,294.134,1.431,1.4780603015075378,199.0,0.28368078950393777,0.08047479033357743,1.5050372238672804,2.034,2.034,0.874,317.55600000000004,1.631,1.5957587939698494,199.0,0.25448184050396244,0.06476100714628419,1.6159229980659326,2.072,2.072,0.943,-37.53699999999935,-17.395,-0.18862814070351433,199.0,45.812056415615636,2098.74451302755,45.81244474597503,91.492,92.163,-92.163,379.3920000000003,-12.268,1.906492462311559,199.0,42.48638825841658,1805.0931872449182,42.52914178247392,89.294,89.294,-67.444,919.6069999999999,8.606,4.621140703517587,199.0,33.62622843397354,1130.7232386937703,33.942277178991354,78.491,113.708,-113.708,511.1110000000002,4.272,2.5683969849246244,199.0,43.11721755664816,1859.0944498273282,43.19364667285569,92.407,92.834,-92.834,329.34099999999944,5.798,1.6549798994974847,199.0,54.46615541866388,2966.5620860900485,54.491293291293694,123.291,170.837,-170.837,179.68699999999944,1.404,0.9029497487437158,199.0,56.100910599274826,3147.3121700678266,56.108176661843,95.154,123.047,-123.047
-110.87100000000001,-0.483,-0.5515970149253732,201.0,0.18217164775238948,0.03318650924482067,0.58090083157059,-0.277,1.242,-1.242,123.65699999999998,0.592,0.6152089552238805,201.0,0.11441504319301152,0.013090802108858691,0.625757829113242,0.929,0.929,0.337,94.131,0.66,0.4683134328358209,201.0,0.4710955119313359,0.22193098136184747,0.6642653481375634,0.966,0.966,-0.607,71.918,0.597,0.35780099502487567,201.0,0.5280575407729438,0.27884476636716915,0.6378607359039747,0.92,0.999,-0.999,311.098,1.562,1.5477512437810945,201.0,0.22275309895816925,0.04961894309546794,1.5636984542172423,1.885,1.885,1.109,326.69,1.671,1.625323383084577,201.0,0.27185824499843547,0.07390690537362936,1.6479026078549437,2.042,2.042,1.046,-94.04899999999998,-7.69,-0.4679054726368158,201.0,43.632677471926634,1903.810543369174,43.63518624803265,79.346,102.966,-102.966,-691.7040000000002,-5.005,-3.441313432835822,201.0,39.951111164271374,1596.0912832599686,40.099051377844155,71.716,83.923,-83.923,787.843,4.333,3.9196169154228855,201.0,27.956143139591088,781.5459392413059,28.229582639581746,90.881,90.881,-61.035,-937.811,-3.906,-4.665726368159204,201.0,35.76125967763294,1278.8676937310959,36.06434106251814,94.299,108.704,-108.704,469.97399999999993,-4.395,2.3381791044776117,201.0,48.20173797250377,2323.407543569912,48.25841507027067,138.0,138.0,-76.721,-45.90000000000009,-1.465,-0.22835820895522432,201.0,54.71986443133905,2994.263563384124,54.72034092415472,94.666,125.549,-125.549
